Date,Day_of_Week,Shift,Line,Seal_Temperature_C,Fill_Weight_g,Seal_Strength_N,Line_Speed_upm,Humidity_pct,Units_Produced,Total_Defects,Defect_Rate_pct,Downtime_min,Availability,Performance,Quality,OEE,COPQ_dollars,Defect_Seal_Failure,Defect_Underfill,Defect_Label_Misalign,Defect_Contamination,Defect_Torn_Package,Defect_Wrong_Date_Code
2025-01-06,Monday,Day,Line A,186.2,499.6,46.3,127.6,53.1,2353,82,3.48,12,0.975,0.982,0.965,0.924,311.9,20,26,15,11,9,1
2025-01-06,Monday,Day,Line B,183.6,497.2,39.8,124.8,61.5,2095,73,3.48,15,0.969,0.96,0.965,0.897,268.5,19,17,14,10,6,7
2025-01-06,Monday,Day,Line C,182.8,500.9,42.7,124.5,50.2,2341,140,5.98,73,0.848,0.958,0.94,0.764,542.5,43,28,26,21,14,8
2025-01-06,Monday,Afternoon,Line A,185.5,502.6,43.0,112.1,61.2,2292,80,3.49,14,0.971,0.862,0.965,0.808,283.0,24,18,16,8,6,8
2025-01-06,Monday,Afternoon,Line B,187.6,502.8,43.3,118.5,57.7,2595,90,3.47,28,0.942,0.911,0.965,0.828,333.3,27,17,17,12,8,9
2025-01-06,Monday,Afternoon,Line C,180.8,499.4,46.9,129.5,67.0,2467,185,7.5,52,0.892,0.997,0.925,0.822,682.4,50,57,34,21,14,9
2025-01-06,Monday,Night,Line A,181.8,495.5,41.4,123.7,53.3,2314,150,6.48,18,0.963,0.952,0.935,0.857,572.0,43,30,28,23,13,13
2025-01-06,Monday,Night,Line B,183.5,498.9,50.7,118.5,33.8,2469,160,6.48,21,0.956,0.912,0.935,0.815,612.7,55,36,26,20,12,11
2025-01-06,Monday,Night,Line C,173.5,499.8,45.3,149.6,53.5,2460,295,11.99,62,0.871,1.0,0.88,0.766,1073.7,91,69,57,31,28,19
2025-01-07,Tuesday,Day,Line A,185.0,498.9,46.3,113.9,59.3,2217,55,2.48,20,0.958,0.876,0.975,0.819,210.3,17,18,6,6,6,2
2025-01-07,Tuesday,Day,Line B,181.9,500.7,47.6,112.0,56.5,2451,61,2.49,19,0.96,0.861,0.975,0.807,239.0,18,14,13,10,2,4
2025-01-07,Tuesday,Day,Line C,187.5,509.7,45.5,130.2,56.4,2156,107,4.96,39,0.919,1.0,0.95,0.873,420.7,33,23,19,17,8,7
2025-01-07,Tuesday,Afternoon,Line A,187.4,497.4,45.3,113.2,48.8,2575,64,2.49,9,0.981,0.87,0.975,0.833,243.5,22,17,10,7,5,3
2025-01-07,Tuesday,Afternoon,Line B,186.6,497.4,42.9,122.4,53.2,2542,63,2.48,7,0.985,0.942,0.975,0.905,250.7,12,23,11,12,1,4
2025-01-07,Tuesday,Afternoon,Line C,188.1,508.4,44.3,108.9,50.9,2542,127,5.0,35,0.927,0.838,0.95,0.738,490.0,37,36,20,18,7,9
2025-01-07,Tuesday,Night,Line A,188.1,511.6,47.6,125.7,62.6,2530,139,5.49,3,0.994,0.967,0.945,0.908,514.0,51,32,16,13,13,14
2025-01-07,Tuesday,Night,Line B,183.0,504.7,45.6,122.7,44.8,2877,158,5.49,30,0.938,0.944,0.945,0.837,563.4,49,40,22,15,13,19
2025-01-07,Tuesday,Night,Line C,188.0,506.9,39.6,116.0,51.2,2269,181,7.98,39,0.919,0.892,0.92,0.754,654.4,70,31,34,14,22,10
2025-01-08,Wednesday,Day,Line A,186.9,497.2,44.9,103.8,46.8,2349,58,2.47,0,1.0,0.798,0.975,0.779,195.1,18,15,11,3,7,4
2025-01-08,Wednesday,Day,Line B,185.1,507.0,45.8,124.5,53.4,2412,60,2.49,33,0.931,0.958,0.975,0.87,220.6,20,19,9,5,4,3
2025-01-08,Wednesday,Day,Line C,177.2,498.8,46.2,123.4,50.0,2358,188,7.97,30,0.938,0.949,0.92,0.819,740.4,70,49,23,23,12,11
2025-01-08,Wednesday,Afternoon,Line A,185.9,501.7,43.7,124.4,59.4,2257,56,2.48,17,0.965,0.957,0.975,0.9,209.2,21,19,6,4,3,3
2025-01-08,Wednesday,Afternoon,Line B,184.5,499.3,47.2,124.1,61.5,2661,66,2.48,12,0.975,0.955,0.975,0.908,216.8,19,21,10,3,5,8
2025-01-08,Wednesday,Afternoon,Line C,183.9,495.1,48.8,132.8,40.7,2310,115,4.98,28,0.942,1.0,0.95,0.895,442.2,38,30,22,14,8,3
2025-01-08,Wednesday,Night,Line A,184.9,493.7,53.0,118.5,61.4,2522,138,5.47,25,0.948,0.911,0.945,0.816,518.6,45,36,27,15,11,4
2025-01-08,Wednesday,Night,Line B,176.3,495.8,41.8,118.9,57.5,2695,229,8.5,24,0.95,0.915,0.915,0.795,875.0,72,52,39,30,24,12
2025-01-08,Wednesday,Night,Line C,189.6,503.9,45.4,102.7,48.2,2331,186,7.98,39,0.919,0.79,0.92,0.668,650.1,55,46,37,17,12,19
2025-01-09,Thursday,Day,Line A,180.2,501.1,46.1,124.9,60.9,2695,67,2.49,23,0.952,0.96,0.975,0.892,230.3,21,21,13,3,8,1
2025-01-09,Thursday,Day,Line B,183.8,494.9,47.7,119.4,64.9,2081,52,2.5,6,0.988,0.919,0.975,0.885,216.1,11,18,11,11,0,1
2025-01-09,Thursday,Day,Line C,191.1,502.5,44.4,100.8,44.1,2507,125,4.99,36,0.925,0.775,0.95,0.682,486.2,46,30,20,15,8,6
2025-01-09,Thursday,Afternoon,Line A,187.9,503.1,45.3,114.9,52.8,2697,67,2.48,20,0.958,0.884,0.975,0.826,259.1,18,14,8,11,9,7
2025-01-09,Thursday,Afternoon,Line B,182.0,493.9,44.5,123.6,67.0,2414,96,3.98,0,1.0,0.951,0.96,0.913,360.1,28,24,16,13,5,10
2025-01-09,Thursday,Afternoon,Line C,184.6,489.6,46.3,124.4,47.5,2297,114,4.96,24,0.95,0.957,0.95,0.864,440.7,46,26,14,11,13,4
2025-01-09,Thursday,Night,Line A,181.8,497.6,44.5,114.8,50.6,2160,118,5.46,20,0.958,0.883,0.945,0.8,455.4,33,31,26,17,9,2
2025-01-09,Thursday,Night,Line B,181.3,497.8,47.6,117.3,45.2,2874,158,5.5,8,0.983,0.902,0.945,0.838,610.0,53,42,23,20,9,11
2025-01-09,Thursday,Night,Line C,203.5,509.0,44.4,108.5,42.1,2440,292,11.97,45,0.906,0.835,0.88,0.666,1072.2,95,66,55,31,25,20
2025-01-10,Friday,Day,Line A,186.6,497.4,45.0,131.9,63.1,2311,57,2.47,27,0.944,1.0,0.975,0.92,221.7,14,13,11,10,5,4
2025-01-10,Friday,Day,Line B,181.5,501.7,43.7,117.6,50.3,2227,55,2.47,15,0.969,0.904,0.975,0.854,214.0,14,18,6,8,6,3
2025-01-10,Friday,Day,Line C,184.7,501.9,45.5,111.3,50.7,2505,125,4.99,37,0.923,0.856,0.95,0.751,471.5,39,31,22,15,12,6
2025-01-10,Friday,Afternoon,Line A,185.6,497.3,46.3,111.7,54.5,2157,53,2.46,5,0.99,0.859,0.975,0.829,194.2,17,8,10,6,9,3
2025-01-10,Friday,Afternoon,Line B,186.9,503.3,46.5,116.4,74.5,2045,81,3.96,1,0.998,0.895,0.96,0.858,285.4,32,20,17,4,4,4
2025-01-10,Friday,Afternoon,Line C,185.3,498.8,47.3,123.1,57.7,2317,115,4.96,43,0.91,0.947,0.95,0.819,434.6,40,22,25,14,8,6
2025-01-10,Friday,Night,Line A,183.0,503.6,43.2,109.8,46.9,2025,111,5.48,8,0.983,0.845,0.945,0.785,408.8,40,22,24,11,8,6
2025-01-10,Friday,Night,Line B,186.4,502.3,38.3,125.7,57.7,2316,127,5.48,8,0.983,0.967,0.945,0.899,498.2,40,31,16,19,10,11
2025-01-10,Friday,Night,Line C,190.0,510.3,43.0,114.9,50.6,2592,207,7.99,44,0.908,0.884,0.92,0.739,795.8,58,58,41,29,14,7
2025-01-11,Saturday,Day,Line A,185.5,507.9,44.6,120.2,69.3,2518,100,3.97,13,0.973,0.925,0.96,0.864,390.8,41,17,18,12,7,5
2025-01-11,Saturday,Day,Line B,185.3,499.7,46.6,132.7,59.2,2282,57,2.5,10,0.979,1.0,0.975,0.955,224.4,17,17,4,8,7,4
2025-01-11,Saturday,Day,Line C,188.3,500.6,42.4,104.5,52.3,2733,136,4.98,45,0.906,0.804,0.95,0.692,508.0,44,33,24,16,8,11
2025-01-11,Saturday,Afternoon,Line A,180.4,496.9,46.0,116.0,53.7,2400,60,2.5,13,0.973,0.892,0.975,0.846,212.4,20,10,14,6,4,6
2025-01-11,Saturday,Afternoon,Line B,183.6,498.4,44.9,117.3,49.3,2421,60,2.48,0,1.0,0.902,0.975,0.88,230.7,22,13,10,7,5,3
2025-01-11,Saturday,Afternoon,Line C,185.8,502.3,44.5,118.2,59.2,2566,128,4.99,21,0.956,0.909,0.95,0.826,495.9,49,24,25,15,12,3
2025-01-11,Saturday,Night,Line A,180.8,497.8,45.4,119.3,59.0,2189,120,5.48,28,0.942,0.918,0.945,0.817,463.6,42,25,24,16,6,7
2025-01-11,Saturday,Night,Line B,179.0,498.0,40.8,111.7,69.1,2151,150,6.97,3,0.994,0.859,0.93,0.794,571.3,51,35,25,18,12,9
2025-01-11,Saturday,Night,Line C,186.3,499.2,42.5,124.8,54.7,2620,209,7.98,36,0.925,0.96,0.92,0.817,780.0,55,63,38,26,17,10
2025-01-12,Sunday,Day,Line A,184.5,500.1,45.7,117.3,48.8,2439,60,2.46,2,0.996,0.902,0.975,0.876,233.7,17,16,12,9,4,2
2025-01-12,Sunday,Day,Line B,189.1,504.7,43.0,122.6,53.7,2561,64,2.5,13,0.973,0.943,0.975,0.894,233.0,19,16,8,7,7,7
2025-01-12,Sunday,Day,Line C,182.0,495.1,42.2,108.9,44.2,2204,110,4.99,45,0.906,0.838,0.95,0.721,436.4,40,17,19,16,14,4
2025-01-12,Sunday,Afternoon,Line A,191.4,499.7,47.3,116.5,54.7,2754,68,2.47,1,0.998,0.896,0.975,0.872,275.5,24,15,10,11,3,5
2025-01-12,Sunday,Afternoon,Line B,187.3,494.7,47.3,113.4,53.2,2612,65,2.49,13,0.973,0.872,0.975,0.828,246.0,23,17,11,7,3,4
2025-01-12,Sunday,Afternoon,Line C,184.7,486.7,45.9,122.5,57.2,2144,107,4.99,35,0.927,0.942,0.95,0.83,410.5,37,30,22,12,4,2
2025-01-12,Sunday,Night,Line A,185.2,502.8,42.7,120.5,51.3,2313,127,5.49,8,0.983,0.927,0.945,0.861,480.5,36,33,18,17,13,10
2025-01-12,Sunday,Night,Line B,181.1,503.1,48.9,121.4,44.2,2517,138,5.48,6,0.988,0.934,0.945,0.872,540.0,37,30,29,24,9,9
2025-01-12,Sunday,Night,Line C,193.5,518.4,43.4,114.7,66.6,2715,366,13.48,29,0.94,0.882,0.865,0.717,1366.2,122,91,67,41,18,27
2025-01-13,Monday,Day,Line A,180.2,496.4,42.9,123.4,53.7,2234,78,3.49,22,0.954,0.949,0.965,0.874,304.8,30,22,10,8,6,2
2025-01-13,Monday,Day,Line B,185.7,507.4,43.7,117.3,50.0,2288,80,3.5,12,0.975,0.903,0.965,0.849,343.8,29,17,9,16,3,6
2025-01-13,Monday,Day,Line C,188.2,508.4,45.7,115.5,49.4,2259,135,5.98,55,0.885,0.888,0.94,0.74,505.3,41,29,33,18,6,8
2025-01-13,Monday,Afternoon,Line A,184.6,497.6,42.2,116.3,54.7,2758,96,3.48,43,0.91,0.895,0.965,0.786,392.6,31,25,12,16,7,5
2025-01-13,Monday,Afternoon,Line B,183.8,503.1,46.4,129.2,59.7,2328,81,3.48,27,0.944,0.994,0.965,0.906,314.4,29,20,16,10,3,3
2025-01-13,Monday,Afternoon,Line C,189.0,512.3,43.7,125.8,52.0,2233,133,5.96,44,0.908,0.967,0.94,0.826,466.4,47,23,26,10,17,10
2025-01-13,Monday,Night,Line A,176.8,502.2,47.9,130.8,52.5,2443,232,9.5,18,0.963,1.0,0.905,0.871,869.0,91,43,43,23,17,15
2025-01-13,Monday,Night,Line B,192.2,495.4,42.5,121.9,67.5,2386,286,11.99,34,0.929,0.938,0.88,0.767,1095.4,84,76,47,38,28,13
2025-01-13,Monday,Night,Line C,183.7,490.8,44.5,127.6,45.2,2732,245,8.97,50,0.896,0.982,0.91,0.8,861.2,72,61,49,22,22,19
2025-01-14,Tuesday,Day,Line A,186.3,499.9,45.5,118.8,60.7,2544,63,2.48,13,0.973,0.914,0.975,0.867,230.4,24,16,10,4,8,1
2025-01-14,Tuesday,Day,Line B,186.8,499.7,47.9,116.6,69.4,2391,95,3.97,0,1.0,0.897,0.96,0.861,338.7,27,22,22,10,8,6
2025-01-14,Tuesday,Day,Line C,183.2,480.6,41.8,129.1,61.3,2485,124,4.99,34,0.929,0.993,0.95,0.877,468.5,46,27,16,14,7,14
2025-01-14,Tuesday,Afternoon,Line A,182.1,504.5,46.8,118.9,55.2,2441,61,2.5,0,1.0,0.915,0.975,0.892,218.1,15,15,8,7,10,6
2025-01-14,Tuesday,Afternoon,Line B,185.5,496.8,47.0,123.1,51.1,2311,57,2.47,12,0.975,0.947,0.975,0.901,179.4,14,16,12,3,4,8
2025-01-14,Tuesday,Afternoon,Line C,182.4,505.6,45.8,130.7,60.1,2609,130,4.98,29,0.94,1.0,0.95,0.893,469.0,35,34,22,15,11,13
2025-01-14,Tuesday,Night,Line A,178.8,498.4,47.8,125.6,78.7,2380,166,6.97,15,0.969,0.967,0.93,0.871,635.4,56,41,21,20,16,12
2025-01-14,Tuesday,Night,Line B,188.9,498.6,52.1,113.9,43.3,2444,134,5.48,22,0.954,0.876,0.945,0.79,502.2,44,44,20,13,6,7
2025-01-14,Tuesday,Night,Line C,187.4,494.5,46.5,116.5,41.8,2389,191,7.99,46,0.904,0.896,0.92,0.746,717.4,72,37,33,20,16,13
2025-01-15,Wednesday,Day,Line A,183.2,495.3,44.5,109.5,57.0,2348,58,2.47,24,0.95,0.842,0.975,0.781,204.7,16,16,12,5,7,2
2025-01-15,Wednesday,Day,Line B,184.2,506.2,45.8,122.2,63.2,2447,61,2.49,10,0.979,0.94,0.975,0.897,211.1,17,12,11,6,8,7
2025-01-15,Wednesday,Day,Line C,180.9,498.5,45.9,112.9,55.1,2427,121,4.99,39,0.919,0.869,0.95,0.758,425.6,28,30,27,13,18,5
2025-01-15,Wednesday,Afternoon,Line A,187.8,496.9,46.2,114.7,50.0,2782,69,2.48,11,0.977,0.883,0.975,0.841,271.6,26,12,14,10,2,5
2025-01-15,Wednesday,Afternoon,Line B,190.0,502.9,45.6,117.8,55.5,2439,60,2.46,16,0.967,0.906,0.975,0.854,224.6,21,11,12,7,5,4
2025-01-15,Wednesday,Afternoon,Line C,186.2,494.0,44.9,123.9,57.6,2484,124,4.99,47,0.902,0.953,0.95,0.817,454.0,29,34,28,17,7,9
2025-01-15,Wednesday,Night,Line A,183.4,500.4,40.4,113.6,41.9,2222,122,5.49,27,0.944,0.874,0.945,0.779,475.0,32,26,21,21,12,10
2025-01-15,Wednesday,Night,Line B,180.9,506.8,49.4,118.4,35.0,2858,157,5.49,18,0.963,0.911,0.945,0.828,583.0,47,43,28,18,11,10
2025-01-15,Wednesday,Night,Line C,188.5,498.0,46.8,117.7,59.4,2393,191,7.98,25,0.948,0.906,0.92,0.79,735.2,64,44,31,25,14,13
2025-01-16,Thursday,Day,Line A,183.5,495.2,44.7,119.2,47.2,2510,62,2.47,11,0.977,0.917,0.975,0.874,246.2,20,16,8,9,6,3
2025-01-16,Thursday,Day,Line B,186.4,500.7,47.7,120.6,51.6,2424,60,2.48,17,0.965,0.928,0.975,0.873,223.3,22,17,7,5,5,4
2025-01-16,Thursday,Day,Line C,189.6,497.6,44.4,129.0,61.0,2259,112,4.96,57,0.881,0.992,0.95,0.831,396.1,35,26,22,10,10,9
2025-01-16,Thursday,Afternoon,Line A,181.9,501.6,43.5,118.2,58.6,2644,66,2.5,28,0.942,0.909,0.975,0.835,254.0,22,13,12,9,6,4
2025-01-16,Thursday,Afternoon,Line B,183.0,504.9,48.4,117.2,59.6,2725,68,2.5,0,1.0,0.902,0.975,0.879,288.0,19,13,11,15,7,3
2025-01-16,Thursday,Afternoon,Line C,182.2,495.3,44.6,110.9,55.3,2275,113,4.97,42,0.912,0.853,0.95,0.74,407.5,40,28,27,9,5,4
2025-01-16,Thursday,Night,Line A,183.4,505.2,45.4,116.6,47.1,2525,138,5.47,1,0.998,0.897,0.945,0.846,527.9,40,36,29,19,9,5
2025-01-16,Thursday,Night,Line B,183.1,503.6,45.6,131.6,58.1,2438,134,5.5,8,0.983,1.0,0.945,0.929,502.3,39,31,24,17,16,7
2025-01-16,Thursday,Night,Line C,185.5,505.7,41.2,100.8,72.2,2173,206,9.48,37,0.923,0.775,0.905,0.648,761.1,76,62,31,16,9,12
2025-01-17,Friday,Day,Line A,185.8,498.0,47.0,119.1,49.0,2507,62,2.47,3,0.994,0.916,0.975,0.888,236.6,18,22,10,7,4,1
2025-01-17,Friday,Day,Line B,191.2,499.1,43.7,122.6,34.8,2412,60,2.49,12,0.975,0.943,0.975,0.897,211.4,15,15,8,6,11,5
2025-01-17,Friday,Day,Line C,187.1,499.4,46.0,120.8,39.2,2212,110,4.97,33,0.931,0.929,0.95,0.822,395.5,36,27,21,9,13,4
2025-01-17,Friday,Afternoon,Line A,184.5,504.5,45.3,118.3,50.1,2339,58,2.48,0,1.0,0.91,0.975,0.888,250.5,20,9,12,13,1,3
2025-01-17,Friday,Afternoon,Line B,187.3,501.5,49.6,114.8,53.3,2374,59,2.49,21,0.956,0.883,0.975,0.823,231.4,16,14,11,10,4,4
2025-01-17,Friday,Afternoon,Line C,182.7,479.3,43.9,124.7,43.2,2436,121,4.97,36,0.925,0.959,0.95,0.843,465.0,37,38,22,15,5,4
2025-01-17,Friday,Night,Line A,179.2,503.6,44.3,119.9,47.5,2311,127,5.5,3,0.994,0.922,0.945,0.866,491.4,44,29,25,17,4,8
2025-01-17,Friday,Night,Line B,181.0,503.1,42.3,129.1,60.4,2302,126,5.47,9,0.981,0.993,0.945,0.921,490.4,33,30,22,21,11,9
2025-01-17,Friday,Night,Line C,185.5,501.9,43.0,110.4,65.4,2203,209,9.49,21,0.956,0.849,0.905,0.735,734.9,69,45,44,16,24,11
2025-01-18,Saturday,Day,Line A,186.5,503.9,42.5,117.5,57.2,2214,55,2.48,5,0.99,0.904,0.975,0.872,187.7,20,13,9,3,3,7
2025-01-18,Saturday,Day,Line B,187.3,500.2,45.5,127.6,59.1,2507,62,2.47,22,0.954,0.982,0.975,0.914,209.2,16,15,17,5,6,3
2025-01-18,Saturday,Day,Line C,178.0,484.4,46.2,121.8,51.1,2333,116,4.97,43,0.91,0.937,0.95,0.81,448.2,34,31,19,17,6,9
2025-01-18,Saturday,Afternoon,Line A,183.0,503.6,44.7,124.4,60.9,2192,54,2.46,17,0.965,0.957,0.975,0.901,181.5,18,19,10,1,5,1
2025-01-18,Saturday,Afternoon,Line B,186.0,498.0,43.9,122.9,64.9,2404,60,2.5,30,0.938,0.946,0.975,0.864,223.2,21,14,11,6,5,3
2025-01-18,Saturday,Afternoon,Line C,187.5,502.6,46.8,112.5,58.8,2349,117,4.98,34,0.929,0.866,0.95,0.764,442.5,36,39,13,13,7,9
2025-01-18,Saturday,Night,Line A,186.6,495.8,48.2,127.2,50.9,2177,119,5.47,3,0.994,0.979,0.945,0.919,484.4,32,27,21,23,10,6
2025-01-18,Saturday,Night,Line B,182.4,502.2,43.3,128.6,51.8,2444,134,5.48,21,0.956,0.989,0.945,0.894,497.9,47,35,22,13,8,9
2025-01-18,Saturday,Night,Line C,186.1,493.3,55.0,116.4,56.0,2262,180,7.96,41,0.915,0.896,0.92,0.754,671.9,65,48,22,16,18,11
2025-01-19,Sunday,Day,Line A,187.4,500.3,48.0,114.3,53.5,2256,56,2.48,0,1.0,0.879,0.975,0.857,206.4,13,13,13,9,1,7
2025-01-19,Sunday,Day,Line B,185.5,501.7,48.7,114.6,52.2,2452,61,2.49,7,0.985,0.882,0.975,0.847,230.1,19,18,9,7,4,4
2025-01-19,Sunday,Day,Line C,180.5,501.1,41.5,123.9,53.8,2306,115,4.99,19,0.96,0.953,0.95,0.87,429.2,29,28,23,16,13,6
2025-01-19,Sunday,Afternoon,Line A,185.5,498.9,39.3,119.2,62.2,2555,63,2.47,10,0.979,0.917,0.975,0.876,249.1,16,17,9,11,5,5
2025-01-19,Sunday,Afternoon,Line B,184.5,497.4,43.3,118.9,57.9,2582,64,2.48,3,0.994,0.914,0.975,0.886,254.6,20,18,7,9,8,2
2025-01-19,Sunday,Afternoon,Line C,185.4,491.0,41.5,107.7,57.0,2417,120,4.96,23,0.952,0.828,0.95,0.749,477.5,36,27,26,20,7,4
2025-01-19,Sunday,Night,Line A,188.4,496.0,55.9,120.4,57.8,2238,123,5.5,8,0.983,0.926,0.945,0.861,454.7,40,26,27,14,9,7
2025-01-19,Sunday,Night,Line B,183.2,500.5,46.7,129.1,54.3,2234,122,5.46,18,0.963,0.993,0.945,0.903,445.9,33,38,22,13,10,6
2025-01-19,Sunday,Night,Line C,197.3,500.2,41.7,117.8,66.0,2270,306,13.48,27,0.944,0.906,0.865,0.74,1179.3,98,67,47,44,21,29
2025-01-20,Monday,Day,Line A,184.8,497.8,45.2,124.4,47.2,2398,83,3.46,16,0.967,0.957,0.965,0.893,322.6,28,23,12,11,2,7
2025-01-20,Monday,Day,Line B,187.3,498.0,48.7,125.4,51.4,2656,92,3.46,26,0.946,0.965,0.965,0.881,364.5,36,20,12,12,5,7
2025-01-20,Monday,Day,Line C,183.9,503.9,43.9,113.8,57.4,2552,153,6.0,61,0.873,0.875,0.94,0.718,568.4,48,34,28,17,20,6
2025-01-20,Monday,Afternoon,Line A,186.4,501.0,45.4,118.2,57.7,2340,81,3.46,21,0.956,0.909,0.965,0.84,296.6,30,18,15,7,6,5
2025-01-20,Monday,Afternoon,Line B,184.8,493.3,44.0,125.0,59.4,2232,78,3.49,35,0.927,0.961,0.965,0.86,289.2,29,13,13,8,9,6
2025-01-20,Monday,Afternoon,Line C,189.9,512.2,47.0,114.8,58.2,2395,143,5.97,39,0.919,0.883,0.94,0.763,509.4,45,36,27,12,15,8
2025-01-20,Monday,Night,Line A,181.9,502.3,51.2,125.1,39.5,2425,157,6.47,29,0.94,0.962,0.935,0.845,591.9,54,37,33,18,7,8
2025-01-20,Monday,Night,Line B,187.5,499.3,48.0,129.5,53.9,2205,143,6.49,17,0.965,0.996,0.935,0.899,555.4,41,29,33,23,11,6
2025-01-20,Monday,Night,Line C,186.2,502.5,49.0,113.7,60.3,2322,208,8.96,28,0.942,0.874,0.91,0.75,765.9,61,47,46,25,18,11
2025-01-21,Tuesday,Day,Line A,187.6,497.4,45.9,124.5,62.2,2442,61,2.5,12,0.975,0.958,0.975,0.91,247.2,16,11,12,12,8,2
2025-01-21,Tuesday,Day,Line B,187.9,497.2,45.5,124.9,59.0,2437,60,2.46,22,0.954,0.961,0.975,0.894,222.8,19,14,10,7,5,5
2025-01-21,Tuesday,Day,Line C,188.5,501.8,49.2,106.6,64.8,2749,137,4.98,36,0.925,0.82,0.95,0.721,523.2,47,30,23,17,11,9
2025-01-21,Tuesday,Afternoon,Line A,186.4,500.1,48.4,116.9,56.6,2251,56,2.49,0,1.0,0.899,0.975,0.877,209.6,18,9,9,8,4,8
2025-01-21,Tuesday,Afternoon,Line B,184.4,493.8,45.9,113.8,47.8,2266,56,2.47,8,0.983,0.875,0.975,0.84,226.4,18,6,7,10,12,3
2025-01-21,Tuesday,Afternoon,Line C,182.0,502.6,47.7,97.5,55.9,2367,118,4.99,41,0.915,0.75,0.95,0.652,444.9,35,24,23,17,8,11
2025-01-21,Tuesday,Night,Line A,196.4,499.8,41.8,112.4,40.6,2083,197,9.46,28,0.942,0.865,0.905,0.737,720.0,59,57,35,19,19,8
2025-01-21,Tuesday,Night,Line B,190.4,499.2,41.0,109.2,49.2,2357,129,5.47,2,0.996,0.84,0.945,0.791,526.4,46,23,23,22,8,7
2025-01-21,Tuesday,Night,Line C,178.5,511.3,44.6,120.2,60.7,2446,195,7.97,29,0.94,0.925,0.92,0.8,732.1,65,42,33,23,18,14
2025-01-22,Wednesday,Day,Line A,185.2,500.5,42.9,126.3,48.1,2593,64,2.47,16,0.967,0.972,0.975,0.916,233.8,22,14,13,6,6,3
2025-01-22,Wednesday,Day,Line B,184.3,504.3,46.1,122.4,40.4,2261,56,2.48,1,0.998,0.942,0.975,0.917,212.0,19,12,11,7,3,4
2025-01-22,Wednesday,Day,Line C,183.4,491.2,44.6,116.3,61.2,2662,133,5.0,48,0.9,0.895,0.95,0.765,506.7,48,25,26,16,11,7
2025-01-22,Wednesday,Afternoon,Line A,189.7,498.6,44.9,114.3,55.0,2304,57,2.47,9,0.981,0.879,0.975,0.841,211.5,25,10,5,4,8,5
2025-01-22,Wednesday,Afternoon,Line B,189.0,501.7,44.4,123.5,52.3,2634,65,2.47,15,0.969,0.95,0.975,0.897,237.1,29,11,15,4,4,2
2025-01-22,Wednesday,Afternoon,Line C,187.1,483.7,45.4,105.8,67.6,2450,159,6.49,15,0.969,0.814,0.935,0.738,588.6,60,39,21,13,16,10
2025-01-22,Wednesday,Night,Line A,189.5,496.8,46.1,130.4,47.6,1893,104,5.49,9,0.981,1.0,0.945,0.927,366.6,26,27,21,12,6,12
2025-01-22,Wednesday,Night,Line B,186.5,501.4,49.9,120.5,57.5,2321,127,5.47,11,0.977,0.927,0.945,0.856,440.9,36,31,31,11,11,7
2025-01-22,Wednesday,Night,Line C,187.3,502.0,49.7,102.6,48.3,2527,202,7.99,27,0.944,0.789,0.92,0.685,793.5,67,41,43,30,14,7
2025-01-23,Thursday,Day,Line A,187.9,499.4,44.7,125.0,73.7,2438,97,3.98,6,0.988,0.962,0.96,0.912,349.5,31,22,21,9,10,4
2025-01-23,Thursday,Day,Line B,187.1,501.5,46.4,122.1,50.2,2539,63,2.48,23,0.952,0.939,0.975,0.872,225.2,23,17,10,4,5,4
2025-01-23,Thursday,Day,Line C,184.3,494.0,43.6,118.3,48.7,2338,116,4.96,33,0.931,0.91,0.95,0.805,443.7,31,28,18,18,10,11
2025-01-23,Thursday,Afternoon,Line A,185.2,499.5,43.6,115.0,48.9,2574,64,2.49,5,0.99,0.885,0.975,0.854,235.6,26,13,13,5,4,3
2025-01-23,Thursday,Afternoon,Line B,186.6,496.3,45.1,121.4,65.9,2138,85,3.98,5,0.99,0.934,0.96,0.887,307.9,22,27,15,9,7,5
2025-01-23,Thursday,Afternoon,Line C,185.8,491.2,46.6,130.1,59.5,2447,122,4.99,48,0.9,1.0,0.95,0.855,446.4,35,37,20,12,13,5
2025-01-23,Thursday,Night,Line A,181.9,500.5,41.3,125.6,55.0,2398,131,5.46,3,0.994,0.966,0.945,0.908,439.1,41,36,26,6,14,8
2025-01-23,Thursday,Night,Line B,191.8,499.2,41.5,123.6,51.1,2605,143,5.49,5,0.99,0.951,0.945,0.89,563.0,48,36,20,20,10,9
2025-01-23,Thursday,Night,Line C,185.5,501.6,42.2,116.2,59.9,2640,211,7.99,29,0.94,0.894,0.92,0.773,784.8,64,64,28,22,20,13
2025-01-24,Friday,Day,Line A,184.6,498.6,47.9,121.6,57.4,2524,63,2.5,0,1.0,0.936,0.975,0.912,244.0,20,19,8,8,4,4
2025-01-24,Friday,Day,Line B,183.1,498.7,47.5,124.1,63.6,2126,53,2.49,6,0.988,0.954,0.975,0.919,217.0,16,15,7,9,4,2
2025-01-24,Friday,Day,Line C,184.3,500.3,43.0,128.9,50.9,2354,117,4.97,25,0.948,0.991,0.95,0.893,394.4,33,30,23,8,13,10
2025-01-24,Friday,Afternoon,Line A,185.1,501.6,42.6,125.6,60.7,2543,63,2.48,9,0.981,0.966,0.975,0.924,215.4,20,21,6,3,6,7
2025-01-24,Friday,Afternoon,Line B,185.5,502.9,43.5,109.2,57.0,2597,64,2.46,0,1.0,0.84,0.975,0.819,274.2,28,16,4,10,2,4
2025-01-24,Friday,Afternoon,Line C,184.1,511.9,41.8,110.1,54.2,2071,103,4.97,22,0.954,0.847,0.95,0.768,404.7,27,33,20,16,4,3
2025-01-24,Friday,Night,Line A,181.3,498.9,43.6,126.4,59.5,2177,119,5.47,14,0.971,0.972,0.945,0.892,478.3,40,25,21,19,9,5
2025-01-24,Friday,Night,Line B,190.9,499.8,43.6,120.8,48.3,2817,154,5.47,0,1.0,0.929,0.945,0.878,594.1,43,35,31,24,12,9
2025-01-24,Friday,Night,Line C,194.2,488.6,43.8,114.8,59.7,2080,249,11.97,39,0.919,0.883,0.88,0.715,910.9,83,53,55,27,12,19
2025-01-25,Saturday,Day,Line A,183.4,501.5,48.6,119.0,60.8,2141,53,2.48,18,0.963,0.916,0.975,0.86,207.9,18,10,11,8,3,3
2025-01-25,Saturday,Day,Line B,184.5,501.9,42.5,116.5,46.3,2493,62,2.49,19,0.96,0.896,0.975,0.839,237.8,15,16,8,10,7,6
2025-01-25,Saturday,Day,Line C,183.6,494.8,46.5,117.8,49.8,2664,133,4.99,39,0.919,0.906,0.95,0.791,486.0,44,38,22,12,8,9
2025-01-25,Saturday,Afternoon,Line A,181.1,504.1,42.5,116.4,50.2,2094,52,2.48,12,0.975,0.896,0.975,0.852,218.9,11,9,10,13,6,3
2025-01-25,Saturday,Afternoon,Line B,185.3,501.8,49.0,112.2,67.9,2420,96,3.97,10,0.979,0.863,0.96,0.811,366.0,34,27,19,10,4,2
2025-01-25,Saturday,Afternoon,Line C,191.0,488.4,45.0,105.0,57.9,2577,128,4.97,30,0.938,0.807,0.95,0.719,468.1,45,23,31,13,10,6
2025-01-25,Saturday,Night,Line A,187.6,501.2,50.6,114.6,60.4,2638,145,5.5,18,0.963,0.882,0.945,0.802,515.4,41,35,27,14,19,9
2025-01-25,Saturday,Night,Line B,169.6,497.8,40.4,114.9,49.0,2643,224,8.48,20,0.958,0.883,0.915,0.775,879.1,82,53,37,29,11,12
2025-01-25,Saturday,Night,Line C,193.8,486.2,42.3,122.7,69.4,2476,334,13.49,41,0.915,0.944,0.865,0.747,1250.8,100,80,59,42,30,23
2025-01-26,Sunday,Day,Line A,184.5,501.6,46.8,118.4,69.4,2446,97,3.97,16,0.967,0.911,0.96,0.845,358.3,31,20,17,12,6,11
2025-01-26,Sunday,Day,Line B,186.1,502.3,45.9,128.4,55.0,2533,63,2.49,11,0.977,0.987,0.975,0.941,239.0,19,12,15,9,5,3
2025-01-26,Sunday,Day,Line C,186.8,506.2,43.0,122.3,65.6,2763,179,6.48,35,0.927,0.941,0.935,0.816,664.6,40,56,38,25,10,10
2025-01-26,Sunday,Afternoon,Line A,183.4,502.3,47.2,129.7,55.6,2272,56,2.46,5,0.99,0.997,0.975,0.963,214.2,16,13,10,8,6,3
2025-01-26,Sunday,Afternoon,Line B,188.8,498.4,41.6,114.4,64.9,2368,59,2.49,6,0.988,0.88,0.975,0.847,231.3,25,13,10,6,4,1
2025-01-26,Sunday,Afternoon,Line C,191.1,496.0,44.4,113.7,50.9,2066,103,4.99,28,0.942,0.874,0.95,0.782,388.5,30,34,12,12,7,8
2025-01-26,Sunday,Night,Line A,195.2,496.7,37.5,115.9,49.7,2050,194,9.46,10,0.979,0.891,0.905,0.79,744.3,61,48,32,26,14,13
2025-01-26,Sunday,Night,Line B,192.1,503.0,37.9,124.6,60.2,2092,198,9.46,10,0.979,0.959,0.905,0.85,739.1,64,58,27,20,17,12
2025-01-26,Sunday,Night,Line C,188.0,496.9,46.9,109.6,53.9,2463,197,8.0,36,0.925,0.843,0.92,0.718,724.9,70,40,35,19,21,12
2025-01-27,Monday,Day,Line A,185.9,501.7,43.6,115.6,68.6,2339,116,4.96,20,0.958,0.89,0.95,0.81,450.0,31,23,29,20,7,6
2025-01-27,Monday,Day,Line B,187.2,502.7,43.5,120.2,60.5,2358,82,3.48,32,0.933,0.925,0.965,0.833,303.0,27,20,13,9,5,8
2025-01-27,Monday,Day,Line C,193.6,494.0,46.7,107.8,42.1,1992,199,9.99,49,0.898,0.829,0.9,0.67,752.7,56,52,35,26,21,9
2025-01-27,Monday,Afternoon,Line A,185.6,498.9,48.5,114.9,49.4,2301,80,3.48,27,0.944,0.884,0.965,0.805,314.1,21,15,15,15,6,8
2025-01-27,Monday,Afternoon,Line B,184.2,498.2,42.8,115.9,78.6,2648,132,4.98,3,0.994,0.891,0.95,0.842,528.0,46,23,24,22,6,11
2025-01-27,Monday,Afternoon,Line C,187.8,500.1,47.1,94.3,43.8,2402,144,6.0,34,0.929,0.726,0.94,0.634,526.0,35,30,37,20,15,7
2025-01-27,Monday,Night,Line A,178.8,502.2,45.5,128.7,52.8,2484,161,6.48,6,0.988,0.99,0.935,0.914,604.3,58,36,28,16,17,6
2025-01-27,Monday,Night,Line B,191.1,506.3,37.9,110.6,70.0,2477,198,7.99,9,0.981,0.851,0.92,0.768,768.8,64,36,37,29,22,10
2025-01-27,Monday,Night,Line C,179.0,505.2,48.9,117.2,55.3,2110,189,8.96,34,0.929,0.901,0.91,0.763,721.5,69,49,29,20,12,10
2025-01-28,Tuesday,Day,Line A,188.1,500.4,45.7,121.7,38.3,2362,59,2.5,3,0.994,0.936,0.975,0.907,238.0,22,13,8,9,2,5
2025-01-28,Tuesday,Day,Line B,184.8,503.7,44.1,119.8,55.5,2569,64,2.49,0,1.0,0.921,0.975,0.898,235.5,28,8,12,5,7,4
2025-01-28,Tuesday,Day,Line C,183.8,510.8,42.8,111.7,45.0,2105,105,4.99,32,0.933,0.86,0.95,0.762,391.0,32,25,22,13,6,7
2025-01-28,Tuesday,Afternoon,Line A,190.3,500.8,48.0,127.0,58.3,2550,63,2.47,18,0.963,0.977,0.975,0.917,233.6,20,12,14,8,4,5
2025-01-28,Tuesday,Afternoon,Line B,183.9,498.6,45.6,122.3,56.6,2462,61,2.48,11,0.977,0.941,0.975,0.897,223.7,20,16,13,6,3,3
2025-01-28,Tuesday,Afternoon,Line C,180.1,492.1,46.9,112.4,46.9,2248,112,4.98,28,0.942,0.865,0.95,0.774,407.9,33,22,25,14,8,10
2025-01-28,Tuesday,Night,Line A,191.7,501.8,49.2,114.5,55.8,2389,131,5.48,17,0.965,0.881,0.945,0.803,481.5,46,33,22,12,9,9
2025-01-28,Tuesday,Night,Line B,188.8,497.9,47.6,121.3,50.7,2198,120,5.46,0,1.0,0.933,0.945,0.882,427.5,36,22,30,13,11,8
2025-01-28,Tuesday,Night,Line C,185.6,497.9,48.1,116.4,52.4,2546,203,7.97,42,0.912,0.895,0.92,0.752,816.3,53,53,41,37,12,7
2025-01-29,Wednesday,Day,Line A,186.5,496.9,44.5,119.8,53.9,2466,61,2.47,26,0.946,0.922,0.975,0.85,206.3,18,16,9,4,7,7
2025-01-29,Wednesday,Day,Line B,188.3,501.9,47.1,130.1,62.7,2466,61,2.47,3,0.994,1.0,0.975,0.969,216.0,20,15,17,5,2,2
2025-01-29,Wednesday,Day,Line C,191.1,504.0,42.2,124.4,38.2,2525,126,4.99,43,0.91,0.957,0.95,0.828,478.1,39,35,22,15,10,5
2025-01-29,Wednesday,Afternoon,Line A,184.0,505.5,46.9,122.4,59.2,2666,66,2.48,0,1.0,0.941,0.975,0.918,262.1,23,18,12,9,2,2
2025-01-29,Wednesday,Afternoon,Line B,184.3,500.7,42.7,121.9,53.4,2751,68,2.47,27,0.944,0.938,0.975,0.863,272.9,20,12,9,12,11,4
2025-01-29,Wednesday,Afternoon,Line C,188.7,502.1,45.7,129.6,58.4,2331,116,4.98,37,0.923,0.997,0.95,0.874,387.7,42,30,27,4,5,8
2025-01-29,Wednesday,Night,Line A,185.4,503.6,44.5,119.1,51.1,2468,135,5.47,15,0.969,0.916,0.945,0.839,510.2,50,32,21,13,14,5
2025-01-29,Wednesday,Night,Line B,183.5,499.3,44.7,122.4,62.0,2270,124,5.46,7,0.985,0.942,0.945,0.877,473.7,44,25,18,15,13,9
2025-01-29,Wednesday,Night,Line C,186.1,504.8,42.5,115.0,47.6,2393,191,7.98,26,0.946,0.885,0.92,0.77,712.0,62,52,29,20,16,12
2025-01-30,Thursday,Day,Line A,184.8,497.5,46.8,117.3,54.1,2272,56,2.46,7,0.985,0.902,0.975,0.867,212.8,17,16,10,7,3,3
2025-01-30,Thursday,Day,Line B,187.0,503.7,45.3,114.1,51.0,2740,68,2.48,11,0.977,0.878,0.975,0.836,241.2,22,16,15,6,4,5
2025-01-30,Thursday,Day,Line C,178.2,492.6,48.1,116.7,53.1,2340,117,5.0,29,0.94,0.898,0.95,0.801,418.1,37,27,23,11,10,9
2025-01-30,Thursday,Afternoon,Line A,182.9,498.2,43.9,117.3,61.7,2179,54,2.48,14,0.971,0.902,0.975,0.854,189.4,16,16,8,4,6,4
2025-01-30,Thursday,Afternoon,Line B,186.0,501.4,46.0,115.1,49.5,2264,56,2.47,17,0.965,0.885,0.975,0.833,179.2,22,10,8,1,6,9
2025-01-30,Thursday,Afternoon,Line C,189.9,494.9,45.9,95.0,50.3,2393,119,4.97,25,0.948,0.73,0.95,0.658,462.5,57,20,15,11,6,10
2025-01-30,Thursday,Night,Line A,171.6,493.6,42.3,122.3,33.0,2300,195,8.48,19,0.96,0.941,0.915,0.827,727.8,67,53,30,19,15,11
2025-01-30,Thursday,Night,Line B,186.3,501.5,62.7,109.6,68.8,2342,163,6.96,14,0.971,0.843,0.93,0.761,580.8,48,44,31,15,14,11
2025-01-30,Thursday,Night,Line C,180.1,495.6,50.5,114.2,66.4,2277,216,9.49,50,0.896,0.878,0.905,0.712,739.6,63,53,48,17,17,18
2025-01-31,Friday,Day,Line A,185.3,497.9,42.6,122.5,56.6,2539,63,2.48,0,1.0,0.943,0.975,0.919,246.4,22,13,14,9,2,3
2025-01-31,Friday,Day,Line B,182.8,502.9,46.8,127.4,50.2,2354,58,2.46,7,0.985,0.98,0.975,0.942,229.6,18,12,10,10,2,6
2025-01-31,Friday,Day,Line C,180.4,491.2,45.6,119.3,58.9,2070,103,4.98,35,0.927,0.918,0.95,0.809,383.7,34,21,21,12,9,6
2025-01-31,Friday,Afternoon,Line A,184.3,501.8,42.8,124.6,51.0,2301,57,2.48,0,1.0,0.959,0.975,0.935,192.7,17,14,13,4,4,5
2025-01-31,Friday,Afternoon,Line B,185.7,494.3,44.9,113.2,70.9,2582,103,3.99,13,0.973,0.87,0.96,0.813,389.1,34,26,22,12,5,4
2025-01-31,Friday,Afternoon,Line C,187.9,502.3,41.7,108.5,54.0,2418,120,4.96,39,0.919,0.834,0.95,0.729,455.8,32,34,23,16,12,3
2025-01-31,Friday,Night,Line A,197.5,494.8,47.6,119.7,58.6,2313,219,9.47,10,0.979,0.921,0.905,0.816,815.4,63,63,33,26,17,17
2025-01-31,Friday,Night,Line B,178.5,498.1,44.7,115.7,64.9,2387,131,5.49,13,0.973,0.89,0.945,0.819,501.4,43,24,25,18,13,8
2025-01-31,Friday,Night,Line C,187.7,495.9,45.2,90.1,49.7,2490,199,7.99,25,0.948,0.693,0.92,0.605,734.4,66,55,34,19,14,11
2025-02-01,Saturday,Day,Line A,187.9,499.0,45.9,126.0,44.0,2258,56,2.48,10,0.979,0.969,0.975,0.925,214.4,14,14,11,9,4,4
2025-02-01,Saturday,Day,Line B,183.3,498.9,44.3,114.0,52.7,2430,60,2.47,22,0.954,0.877,0.975,0.816,239.1,17,15,13,10,4,1
2025-02-01,Saturday,Day,Line C,185.9,505.5,42.5,140.4,56.6,2726,136,4.99,42,0.912,1.0,0.95,0.867,534.3,45,29,26,20,10,6
2025-02-01,Saturday,Afternoon,Line A,184.5,502.0,44.1,131.8,33.7,2534,63,2.49,0,1.0,1.0,0.975,0.975,204.6,18,10,13,5,6,11
2025-02-01,Saturday,Afternoon,Line B,184.8,501.3,43.3,126.4,63.3,2516,62,2.46,12,0.975,0.972,0.975,0.925,219.9,26,12,12,4,1,7
2025-02-01,Saturday,Afternoon,Line C,183.7,510.3,47.2,125.3,45.8,2256,112,4.96,24,0.95,0.964,0.95,0.87,443.5,38,25,22,16,9,2
2025-02-01,Saturday,Night,Line A,180.0,499.3,39.9,121.7,52.0,2298,126,5.48,12,0.975,0.936,0.945,0.863,489.2,31,27,21,22,15,10
2025-02-01,Saturday,Night,Line B,182.5,499.7,44.8,111.3,67.0,2408,168,6.98,16,0.967,0.856,0.93,0.77,615.9,53,38,25,18,20,14
2025-02-01,Saturday,Night,Line C,187.6,503.8,41.8,111.5,54.1,2220,177,7.97,24,0.95,0.857,0.92,0.75,646.8,54,43,38,19,14,9
2025-02-02,Sunday,Day,Line A,180.9,496.3,45.2,126.6,57.5,2278,56,2.46,16,0.967,0.974,0.975,0.919,206.9,14,13,11,8,5,5
2025-02-02,Sunday,Day,Line B,188.9,497.4,46.1,114.3,59.2,2334,58,2.49,21,0.956,0.879,0.975,0.82,227.7,23,11,8,7,6,3
2025-02-02,Sunday,Day,Line C,187.1,507.8,46.0,106.8,52.4,2243,112,4.99,48,0.9,0.821,0.95,0.702,378.0,38,20,31,8,4,11
2025-02-02,Sunday,Afternoon,Line A,187.2,505.5,44.2,123.6,73.3,2276,91,4.0,21,0.956,0.95,0.96,0.873,342.6,28,21,16,12,6,8
2025-02-02,Sunday,Afternoon,Line B,186.4,504.4,45.6,123.3,49.2,2517,62,2.46,8,0.983,0.949,0.975,0.91,213.4,15,13,20,7,3,4
2025-02-02,Sunday,Afternoon,Line C,189.7,490.6,48.3,138.3,60.9,2756,137,4.97,26,0.946,1.0,0.95,0.899,485.5,36,42,26,13,11,9
2025-02-02,Sunday,Night,Line A,189.3,503.2,46.5,118.6,38.1,2358,129,5.47,17,0.965,0.912,0.945,0.832,504.8,34,33,18,21,14,9
2025-02-02,Sunday,Night,Line B,177.3,500.6,49.5,113.7,56.5,2587,219,8.47,14,0.971,0.875,0.915,0.777,769.6,71,50,51,18,15,14
2025-02-02,Sunday,Night,Line C,173.9,504.8,46.3,127.7,63.5,2473,272,11.0,36,0.925,0.982,0.89,0.808,1059.1,95,66,43,35,18,15
2025-02-03,Monday,Day,Line A,180.1,502.1,43.5,121.4,67.3,2268,113,4.98,19,0.96,0.934,0.95,0.852,428.0,42,10,27,15,12,7
2025-02-03,Monday,Day,Line B,186.5,508.3,45.2,115.8,66.3,2082,104,5.0,19,0.96,0.891,0.95,0.813,368.3,26,22,21,12,15,8
2025-02-03,Monday,Day,Line C,189.3,500.7,43.9,132.2,48.5,2073,124,5.98,55,0.885,1.0,0.94,0.832,486.0,45,29,17,16,9,8
2025-02-03,Monday,Afternoon,Line A,185.0,503.3,46.5,127.2,51.3,2052,71,3.46,16,0.967,0.978,0.965,0.913,255.8,24,20,9,6,4,8
2025-02-03,Monday,Afternoon,Line B,187.8,507.0,45.4,115.5,42.6,2451,85,3.47,7,0.985,0.888,0.965,0.845,333.0,29,23,9,11,7,6
2025-02-03,Monday,Afternoon,Line C,188.3,501.9,45.7,135.4,48.6,2673,160,5.99,37,0.923,1.0,0.94,0.868,601.9,48,45,30,19,11,7
2025-02-03,Monday,Night,Line A,183.3,504.8,48.1,119.3,50.8,2331,151,6.48,5,0.99,0.918,0.935,0.849,585.7,56,36,20,19,5,15
2025-02-03,Monday,Night,Line B,179.4,499.3,44.0,124.8,67.7,2176,174,8.0,42,0.912,0.96,0.92,0.806,673.6,59,34,41,24,11,5
2025-02-03,Monday,Night,Line C,174.2,511.9,41.2,115.7,46.1,2328,279,11.98,24,0.95,0.89,0.88,0.744,1038.9,91,61,48,33,22,24
2025-02-04,Tuesday,Day,Line A,184.8,499.8,48.9,113.1,59.0,2697,67,2.48,4,0.992,0.87,0.975,0.841,258.5,25,11,12,9,4,6
2025-02-04,Tuesday,Day,Line B,187.2,501.7,43.4,119.5,51.1,2926,73,2.49,17,0.965,0.919,0.975,0.865,287.7,29,17,11,9,2,5
2025-02-04,Tuesday,Day,Line C,182.3,496.8,49.0,110.0,50.6,2370,118,4.98,17,0.965,0.846,0.95,0.776,483.5,44,25,14,19,7,9
2025-02-04,Tuesday,Afternoon,Line A,187.7,500.8,47.8,122.2,63.8,2493,62,2.49,25,0.948,0.94,0.975,0.869,231.8,19,21,9,6,5,2
2025-02-04,Tuesday,Afternoon,Line B,187.8,505.8,47.8,122.8,42.6,2426,60,2.47,7,0.985,0.944,0.975,0.908,219.1,21,10,11,6,8,4
2025-02-04,Tuesday,Afternoon,Line C,180.0,499.0,43.9,84.8,71.4,2617,170,6.5,31,0.935,0.653,0.935,0.571,615.9,52,43,32,17,15,11
2025-02-04,Tuesday,Night,Line A,182.5,500.4,43.0,118.9,54.3,2383,131,5.5,8,0.983,0.915,0.945,0.85,470.0,40,34,32,13,4,8
2025-02-04,Tuesday,Night,Line B,178.9,497.6,45.5,114.4,69.2,1871,130,6.95,8,0.983,0.88,0.931,0.805,469.6,39,35,29,13,7,7
2025-02-04,Tuesday,Night,Line C,179.5,487.2,43.5,117.4,59.0,2292,183,7.98,40,0.917,0.903,0.92,0.762,671.9,57,44,34,21,10,17
2025-02-05,Wednesday,Day,Line A,183.7,503.7,43.2,128.6,41.0,2486,62,2.49,16,0.967,0.989,0.975,0.932,222.5,24,9,13,5,7,4
2025-02-05,Wednesday,Day,Line B,179.5,503.3,45.3,120.0,58.2,2234,55,2.46,6,0.988,0.923,0.975,0.889,231.7,17,10,9,12,2,5
2025-02-05,Wednesday,Day,Line C,180.3,498.4,49.1,98.0,46.6,2699,134,4.96,53,0.89,0.754,0.95,0.637,515.0,42,30,18,19,12,13
2025-02-05,Wednesday,Afternoon,Line A,180.9,501.3,46.2,128.9,60.3,2565,64,2.5,15,0.969,0.991,0.975,0.937,238.2,21,15,9,7,7,5
2025-02-05,Wednesday,Afternoon,Line B,191.3,494.5,44.9,123.2,56.0,2377,59,2.48,0,1.0,0.948,0.975,0.924,212.3,14,17,12,7,5,4
2025-02-05,Wednesday,Afternoon,Line C,184.8,500.4,46.9,122.2,65.0,2478,161,6.5,26,0.946,0.94,0.935,0.831,609.8,53,47,21,17,15,8
2025-02-05,Wednesday,Night,Line A,178.6,506.4,51.0,129.6,45.2,2414,132,5.47,0,1.0,0.997,0.945,0.942,504.0,44,27,27,18,6,10
2025-02-05,Wednesday,Night,Line B,184.4,503.0,53.6,123.8,58.8,2439,134,5.49,32,0.933,0.952,0.945,0.84,476.6,41,32,30,12,13,6
2025-02-05,Wednesday,Night,Line C,185.0,506.3,41.4,110.6,63.7,2130,170,7.98,30,0.938,0.851,0.92,0.734,658.6,69,42,26,17,9,7
2025-02-06,Thursday,Day,Line A,185.1,495.6,43.6,111.1,65.3,2552,102,4.0,25,0.948,0.855,0.96,0.778,401.5,33,22,16,16,6,9
2025-02-06,Thursday,Day,Line B,183.3,495.5,42.7,119.9,49.2,2341,58,2.48,7,0.985,0.922,0.975,0.886,198.6,17,17,13,4,3,4
2025-02-06,Thursday,Day,Line C,186.6,504.4,45.9,110.1,56.2,2472,123,4.98,38,0.921,0.847,0.95,0.741,449.2,42,30,21,11,12,7
2025-02-06,Thursday,Afternoon,Line A,185.8,503.6,42.5,123.7,59.7,2371,59,2.49,15,0.969,0.951,0.975,0.899,232.2,23,10,12,8,3,3
2025-02-06,Thursday,Afternoon,Line B,186.4,498.9,44.6,129.0,52.2,2609,65,2.49,36,0.925,0.993,0.975,0.895,228.6,17,20,12,6,5,5
2025-02-06,Thursday,Afternoon,Line C,186.1,510.2,44.7,126.4,61.7,2643,132,4.99,45,0.906,0.972,0.95,0.837,520.3,42,37,21,18,11,3
2025-02-06,Thursday,Night,Line A,185.4,500.6,38.8,124.0,63.0,2254,123,5.46,0,1.0,0.954,0.945,0.902,503.6,46,18,25,21,8,5
2025-02-06,Thursday,Night,Line B,177.5,491.8,49.2,120.1,63.4,2172,184,8.47,12,0.975,0.924,0.915,0.824,703.1,54,48,31,25,15,11
2025-02-06,Thursday,Night,Line C,175.1,497.7,45.4,139.8,62.2,2065,227,10.99,36,0.925,1.0,0.89,0.823,893.2,71,62,31,33,15,15
2025-02-07,Friday,Day,Line A,184.3,499.6,46.5,120.2,46.7,2153,53,2.46,0,1.0,0.924,0.975,0.902,184.4,18,14,6,4,2,9
2025-02-07,Friday,Day,Line B,188.1,498.7,43.6,110.2,55.8,2808,70,2.49,11,0.977,0.847,0.975,0.807,294.8,27,19,4,11,5,4
2025-02-07,Friday,Day,Line C,186.2,502.0,41.7,123.5,50.5,2115,105,4.96,29,0.94,0.95,0.95,0.848,405.7,22,33,10,17,15,8
2025-02-07,Friday,Afternoon,Line A,185.6,496.0,43.7,111.7,62.4,2339,58,2.48,10,0.979,0.859,0.975,0.82,212.2,23,12,8,5,3,7
2025-02-07,Friday,Afternoon,Line B,184.2,496.9,42.7,122.3,50.6,2463,61,2.48,3,0.994,0.941,0.975,0.912,203.5,15,12,18,6,4,6
2025-02-07,Friday,Afternoon,Line C,181.8,500.7,44.6,122.6,67.6,2413,156,6.46,22,0.954,0.943,0.935,0.842,602.9,60,36,22,17,13,8
2025-02-07,Friday,Night,Line A,186.0,497.3,47.3,120.2,39.3,2530,139,5.49,20,0.958,0.924,0.945,0.837,528.7,45,31,25,17,16,5
2025-02-07,Friday,Night,Line B,184.2,501.2,47.5,119.3,58.2,2290,125,5.46,23,0.952,0.918,0.945,0.826,474.6,34,34,22,17,12,6
2025-02-07,Friday,Night,Line C,187.9,498.4,42.6,132.4,43.6,2205,176,7.98,31,0.935,1.0,0.92,0.861,684.5,63,42,27,22,12,10
2025-02-08,Saturday,Day,Line A,182.5,504.2,44.0,122.7,66.3,2370,94,3.97,0,1.0,0.944,0.96,0.906,368.0,33,26,13,11,9,2
2025-02-08,Saturday,Day,Line B,187.9,500.4,43.8,117.0,43.9,2292,57,2.49,9,0.981,0.9,0.975,0.861,205.9,23,5,12,5,8,4
2025-02-08,Saturday,Day,Line C,186.3,513.2,45.3,132.0,43.9,2431,121,4.98,41,0.915,1.0,0.95,0.869,430.5,35,33,24,12,6,11
2025-02-08,Saturday,Afternoon,Line A,188.8,499.3,41.7,123.7,48.3,2371,59,2.49,19,0.96,0.952,0.975,0.891,219.6,17,20,9,6,5,2
2025-02-08,Saturday,Afternoon,Line B,185.4,502.5,46.4,122.9,48.6,2018,50,2.48,19,0.96,0.945,0.975,0.886,204.4,19,10,10,8,1,2
2025-02-08,Saturday,Afternoon,Line C,187.5,497.3,47.2,118.5,50.4,2289,114,4.98,54,0.887,0.912,0.95,0.769,454.9,41,27,16,16,8,6
2025-02-08,Saturday,Night,Line A,181.1,497.2,44.5,128.3,47.9,1882,103,5.47,19,0.96,0.987,0.945,0.896,395.7,37,23,14,11,16,2
2025-02-08,Saturday,Night,Line B,177.9,500.5,50.5,122.4,49.2,2703,229,8.47,18,0.963,0.941,0.915,0.829,859.7,65,57,44,30,20,13
2025-02-08,Saturday,Night,Line C,192.0,499.3,48.8,115.6,55.8,2371,189,7.97,39,0.919,0.889,0.92,0.752,704.7,70,34,39,20,15,11
2025-02-09,Sunday,Day,Line A,187.2,501.8,44.8,121.7,56.4,2062,51,2.47,13,0.973,0.936,0.975,0.888,189.1,11,16,7,7,6,4
2025-02-09,Sunday,Day,Line B,190.0,503.9,44.2,114.5,57.8,2417,60,2.48,23,0.952,0.881,0.975,0.818,222.5,21,18,10,5,4,2
2025-02-09,Sunday,Day,Line C,191.0,498.0,50.0,95.3,57.8,2117,105,4.96,35,0.927,0.733,0.95,0.646,411.0,40,18,19,14,8,6
2025-02-09,Sunday,Afternoon,Line A,186.1,494.9,46.1,119.0,55.0,2563,64,2.5,28,0.942,0.916,0.975,0.841,250.0,19,18,7,9,7,4
2025-02-09,Sunday,Afternoon,Line B,185.9,497.4,44.9,120.1,58.8,2126,53,2.49,17,0.965,0.924,0.975,0.869,194.6,17,12,6,6,5,7
2025-02-09,Sunday,Afternoon,Line C,182.1,495.1,48.2,120.3,55.9,2265,113,4.99,46,0.904,0.926,0.95,0.795,402.8,38,20,26,10,14,5
2025-02-09,Sunday,Night,Line A,183.7,498.4,37.9,119.7,50.6,2736,150,5.48,30,0.938,0.921,0.945,0.816,590.8,52,33,22,22,8,13
2025-02-09,Sunday,Night,Line B,194.6,502.4,48.9,112.9,45.8,1832,174,9.5,0,1.0,0.869,0.905,0.786,696.0,61,39,28,26,11,9
2025-02-09,Sunday,Night,Line C,186.8,507.5,43.1,128.4,77.5,2379,226,9.5,38,0.921,0.988,0.905,0.823,848.3,66,51,45,31,15,18
2025-02-10,Monday,Day,Line A,182.6,501.0,43.0,116.8,56.5,2459,86,3.5,21,0.956,0.899,0.965,0.829,347.0,29,18,13,14,7,5
2025-02-10,Monday,Day,Line B,184.8,499.3,42.7,119.5,52.7,2327,81,3.48,32,0.933,0.919,0.965,0.828,286.9,29,18,14,5,12,3
2025-02-10,Monday,Day,Line C,188.4,500.6,47.3,115.4,46.2,2684,161,6.0,51,0.894,0.887,0.94,0.745,638.0,66,34,28,19,10,4
2025-02-10,Monday,Afternoon,Line A,184.6,498.1,43.0,114.6,64.7,2301,80,3.48,28,0.942,0.881,0.965,0.801,327.3,25,23,11,13,6,2
2025-02-10,Monday,Afternoon,Line B,188.9,495.4,48.3,118.1,53.1,2021,70,3.46,39,0.919,0.909,0.965,0.806,239.7,19,17,13,6,8,7
2025-02-10,Monday,Afternoon,Line C,191.8,494.6,45.3,88.6,52.7,2419,145,5.99,19,0.96,0.681,0.94,0.615,548.3,45,44,24,17,6,9
2025-02-10,Monday,Night,Line A,187.3,499.7,42.7,121.2,54.5,2625,170,6.48,21,0.956,0.932,0.935,0.834,652.2,50,43,29,23,18,7
2025-02-10,Monday,Night,Line B,183.4,494.5,43.1,124.0,52.6,2350,152,6.47,7,0.985,0.954,0.935,0.879,567.4,47,32,26,20,11,16
2025-02-10,Monday,Night,Line C,184.4,507.8,40.6,131.8,54.2,2178,196,9.0,32,0.933,1.0,0.91,0.849,785.0,59,41,33,34,17,12
2025-02-11,Tuesday,Day,Line A,187.2,499.2,44.4,123.7,60.4,2436,60,2.46,14,0.971,0.951,0.975,0.901,223.8,26,12,9,5,2,6
2025-02-11,Tuesday,Day,Line B,182.3,497.0,43.1,120.6,50.0,2498,62,2.48,0,1.0,0.927,0.975,0.904,230.3,17,14,9,9,4,9
2025-02-11,Tuesday,Day,Line C,184.4,503.4,46.7,121.8,52.4,2404,120,4.99,54,0.887,0.937,0.95,0.79,484.2,39,31,23,19,5,3
2025-02-11,Tuesday,Afternoon,Line A,190.7,496.5,44.3,132.6,54.7,2448,61,2.49,0,1.0,1.0,0.975,0.975,218.6,21,14,17,5,3,1
2025-02-11,Tuesday,Afternoon,Line B,183.5,501.5,41.9,114.1,66.5,2330,93,3.99,4,0.992,0.878,0.96,0.836,339.2,30,25,16,9,6,7
2025-02-11,Tuesday,Afternoon,Line C,182.1,486.3,45.1,85.1,59.7,2414,120,4.97,39,0.919,0.655,0.95,0.572,483.2,45,26,19,17,9,4
2025-02-11,Tuesday,Night,Line A,180.5,496.3,36.5,117.0,70.6,2454,171,6.97,1,0.998,0.9,0.93,0.836,646.0,53,43,25,21,17,12
2025-02-11,Tuesday,Night,Line B,181.5,496.0,35.4,121.4,55.4,2555,140,5.48,0,1.0,0.934,0.945,0.883,500.3,41,32,30,15,10,12
2025-02-11,Tuesday,Night,Line C,176.1,498.3,50.4,101.7,46.6,2425,266,10.97,23,0.952,0.782,0.89,0.663,1013.7,89,62,50,34,12,19
2025-02-12,Wednesday,Day,Line A,182.8,504.6,45.1,120.5,55.8,2678,66,2.46,1,0.998,0.927,0.975,0.902,214.4,19,12,16,4,9,6
2025-02-12,Wednesday,Day,Line B,188.1,496.8,43.5,125.2,50.2,2580,64,2.48,22,0.954,0.963,0.975,0.896,262.7,20,17,12,11,3,1
2025-02-12,Wednesday,Day,Line C,191.4,503.4,48.1,117.6,40.9,2572,128,4.98,16,0.967,0.905,0.95,0.831,493.5,40,28,21,18,13,8
2025-02-12,Wednesday,Afternoon,Line A,184.4,495.0,45.8,123.6,56.8,2335,58,2.48,30,0.938,0.951,0.975,0.869,234.1,22,15,6,8,3,4
2025-02-12,Wednesday,Afternoon,Line B,187.5,505.2,40.0,120.5,52.4,2375,59,2.48,3,0.994,0.927,0.975,0.898,234.9,17,15,8,10,4,5
2025-02-12,Wednesday,Afternoon,Line C,175.5,516.3,45.6,110.7,56.3,2435,194,7.97,36,0.925,0.851,0.92,0.725,700.9,59,50,39,19,16,11
2025-02-12,Wednesday,Night,Line A,188.5,501.5,48.7,121.6,50.7,2567,141,5.49,0,1.0,0.936,0.945,0.884,479.2,43,37,31,9,11,10
2025-02-12,Wednesday,Night,Line B,189.6,501.5,51.0,126.6,57.8,2225,122,5.48,1,0.998,0.974,0.945,0.919,443.7,31,33,26,14,14,4
2025-02-12,Wednesday,Night,Line C,170.0,501.6,47.7,123.1,39.4,2329,256,10.99,12,0.975,0.947,0.89,0.822,946.1,82,64,42,28,19,21
2025-02-13,Thursday,Day,Line A,184.7,502.9,43.4,119.6,63.0,2505,62,2.48,0,1.0,0.92,0.975,0.897,235.9,17,15,15,9,4,2
2025-02-13,Thursday,Day,Line B,185.6,501.7,46.4,110.3,48.9,2224,55,2.47,12,0.975,0.849,0.975,0.807,205.3,20,13,7,5,7,3
2025-02-13,Thursday,Day,Line C,185.5,495.0,45.2,112.9,50.7,2598,129,4.97,43,0.91,0.868,0.95,0.751,486.1,43,35,23,14,8,6
2025-02-13,Thursday,Afternoon,Line A,187.9,498.3,42.7,124.3,58.3,2421,60,2.48,15,0.969,0.956,0.975,0.903,218.0,16,12,16,8,4,4
2025-02-13,Thursday,Afternoon,Line B,186.8,502.9,46.3,122.2,62.2,2126,53,2.49,3,0.994,0.94,0.975,0.911,208.9,15,19,4,7,6,2
2025-02-13,Thursday,Afternoon,Line C,187.2,499.7,41.8,125.0,50.4,2576,128,4.97,35,0.927,0.962,0.95,0.847,475.8,38,35,24,15,8,8
2025-02-13,Thursday,Night,Line A,182.0,494.4,46.0,119.8,46.8,2191,120,5.48,14,0.971,0.921,0.945,0.845,429.4,41,25,27,11,7,9
2025-02-13,Thursday,Night,Line B,180.5,499.9,47.2,120.8,58.0,2214,121,5.47,6,0.988,0.929,0.945,0.867,469.0,44,23,18,16,10,10
2025-02-13,Thursday,Night,Line C,178.1,504.3,51.1,104.9,70.8,2483,235,9.46,36,0.925,0.807,0.905,0.676,906.4,81,55,42,29,19,9
2025-02-14,Friday,Day,Line A,185.2,504.6,42.3,111.4,39.5,2613,65,2.49,4,0.992,0.857,0.975,0.829,270.5,27,18,6,9,2,3
2025-02-14,Friday,Day,Line B,184.7,499.8,45.8,118.8,66.1,2567,102,3.97,6,0.988,0.914,0.96,0.867,397.7,32,17,21,16,11,5
2025-02-14,Friday,Day,Line C,187.6,491.4,48.4,109.2,56.8,2558,127,4.96,29,0.94,0.84,0.95,0.75,446.1,40,27,31,11,11,7
2025-02-14,Friday,Afternoon,Line A,184.3,498.5,44.1,125.8,53.0,2267,56,2.47,6,0.988,0.968,0.975,0.932,207.7,25,12,7,4,2,6
2025-02-14,Friday,Afternoon,Line B,187.1,500.6,43.0,120.0,61.3,2362,59,2.5,23,0.952,0.923,0.975,0.857,228.4,21,15,7,7,5,4
2025-02-14,Friday,Afternoon,Line C,184.2,495.1,45.3,120.1,65.8,2378,154,6.48,41,0.915,0.924,0.935,0.79,634.9,51,38,18,26,14,7
2025-02-14,Friday,Night,Line A,180.0,500.2,35.9,127.2,50.9,2411,132,5.47,8,0.983,0.979,0.945,0.91,486.2,39,37,26,14,11,5
2025-02-14,Friday,Night,Line B,188.8,496.1,43.6,126.0,59.8,2320,127,5.47,0,1.0,0.969,0.945,0.916,478.4,34,41,21,16,8,7
2025-02-14,Friday,Night,Line C,184.8,487.1,44.0,117.0,60.0,2409,192,7.97,41,0.915,0.9,0.92,0.758,701.6,60,42,40,22,12,16
2025-02-15,Saturday,Day,Line A,183.4,505.0,43.3,120.2,60.2,2073,51,2.46,21,0.956,0.924,0.975,0.862,196.5,12,19,6,7,5,2
2025-02-15,Saturday,Day,Line B,186.8,503.1,48.1,114.1,48.7,2579,64,2.48,23,0.952,0.878,0.975,0.815,239.7,17,14,12,9,8,4
2025-02-15,Saturday,Day,Line C,184.7,501.9,46.9,126.3,53.5,2360,118,5.0,40,0.917,0.972,0.95,0.846,453.8,34,27,22,18,8,9
2025-02-15,Saturday,Afternoon,Line A,184.7,504.2,44.0,124.8,54.7,2278,56,2.46,17,0.965,0.96,0.975,0.903,237.1,21,15,7,9,4,0
2025-02-15,Saturday,Afternoon,Line B,185.3,496.5,48.7,124.9,55.3,2345,58,2.47,11,0.977,0.961,0.975,0.915,194.7,24,13,11,1,5,4
2025-02-15,Saturday,Afternoon,Line C,172.3,501.7,44.0,139.1,55.2,2162,172,7.96,34,0.929,1.0,0.92,0.855,655.1,43,40,33,27,18,11
2025-02-15,Saturday,Night,Line A,188.1,501.5,45.0,122.1,67.8,2342,163,6.96,6,0.988,0.939,0.93,0.863,641.4,50,37,31,25,14,6
2025-02-15,Saturday,Night,Line B,186.8,495.5,50.8,116.7,60.8,2146,118,5.5,18,0.963,0.897,0.945,0.816,452.3,34,31,18,16,13,6
2025-02-15,Saturday,Night,Line C,191.2,506.4,45.1,108.3,60.2,2403,192,7.99,62,0.871,0.833,0.92,0.668,724.8,53,58,26,24,19,12
2025-02-16,Sunday,Day,Line A,184.2,502.2,43.7,109.5,53.6,2346,58,2.47,8,0.983,0.843,0.975,0.808,230.4,24,11,7,7,6,3
2025-02-16,Sunday,Day,Line B,184.9,499.6,49.3,129.2,49.0,1991,49,2.46,4,0.992,0.994,0.975,0.961,186.7,22,9,6,4,5,3
2025-02-16,Sunday,Day,Line C,187.6,511.4,44.2,129.1,39.7,2531,126,4.98,26,0.946,0.993,0.95,0.892,487.4,34,29,24,20,12,7
2025-02-16,Sunday,Afternoon,Line A,184.9,496.0,46.4,119.0,41.3,2466,61,2.47,17,0.965,0.915,0.975,0.861,206.4,21,15,16,3,3,3
2025-02-16,Sunday,Afternoon,Line B,186.5,494.3,45.2,117.7,48.9,2670,66,2.47,5,0.99,0.905,0.975,0.873,249.5,21,11,8,9,10,7
2025-02-16,Sunday,Afternoon,Line C,185.7,504.7,44.7,136.8,48.5,2342,117,5.0,28,0.942,1.0,0.95,0.895,460.5,36,28,23,18,7,5
2025-02-16,Sunday,Night,Line A,185.3,498.0,46.9,118.6,57.1,2190,120,5.48,3,0.994,0.912,0.945,0.857,501.0,44,27,19,20,8,2
2025-02-16,Sunday,Night,Line B,181.8,500.5,45.2,126.3,75.8,2627,183,6.97,17,0.965,0.971,0.93,0.872,728.4,60,44,35,27,14,3
2025-02-16,Sunday,Night,Line C,188.7,494.0,43.1,125.3,48.6,2641,211,7.99,41,0.915,0.964,0.92,0.811,808.1,80,47,22,23,21,18
2025-02-17,Monday,Day,Line A,186.9,499.5,43.6,121.3,46.9,2062,72,3.49,27,0.944,0.933,0.965,0.85,273.6,17,19,11,11,9,5
2025-02-17,Monday,Day,Line B,184.0,496.9,42.9,118.1,60.2,2585,90,3.48,27,0.944,0.909,0.965,0.828,352.4,25,22,14,14,11,4
2025-02-17,Monday,Day,Line C,185.5,506.9,44.2,106.4,58.4,2600,156,6.0,46,0.904,0.819,0.94,0.696,593.2,47,36,26,20,21,6
2025-02-17,Monday,Afternoon,Line A,188.8,503.4,44.1,122.7,55.0,2645,92,3.48,45,0.906,0.944,0.965,0.826,367.5,39,14,14,12,8,5
2025-02-17,Monday,Afternoon,Line B,181.9,502.4,47.0,118.0,58.9,2308,80,3.47,21,0.956,0.908,0.965,0.838,283.4,26,22,15,6,6,5
2025-02-17,Monday,Afternoon,Line C,184.8,504.0,44.4,107.6,54.0,2461,147,5.97,27,0.944,0.828,0.94,0.735,520.9,37,45,29,15,10,11
2025-02-17,Monday,Night,Line A,181.7,503.9,35.7,115.2,58.5,1951,126,6.46,21,0.956,0.886,0.935,0.793,471.4,47,28,22,12,11,6
2025-02-17,Monday,Night,Line B,196.1,502.9,45.4,118.3,79.1,2525,303,12.0,36,0.925,0.91,0.88,0.741,1145.6,105,64,59,36,21,18
2025-02-17,Monday,Night,Line C,189.8,493.2,43.1,114.6,40.6,2333,209,8.96,42,0.912,0.881,0.91,0.732,791.3,65,59,33,25,14,13
2025-02-18,Tuesday,Day,Line A,185.2,498.5,40.8,130.2,56.2,2479,61,2.46,0,1.0,1.0,0.975,0.975,227.0,14,16,11,9,6,5
2025-02-18,Tuesday,Day,Line B,187.6,500.0,42.5,122.5,62.9,2501,62,2.48,10,0.979,0.942,0.975,0.899,262.5,25,11,6,11,4,5
2025-02-18,Tuesday,Day,Line C,187.9,519.2,49.4,111.8,68.0,2476,160,6.46,34,0.929,0.86,0.935,0.747,600.6,52,37,32,20,6,13
2025-02-18,Tuesday,Afternoon,Line A,180.5,498.0,41.2,122.1,61.7,2355,58,2.46,14,0.971,0.94,0.975,0.89,210.4,23,8,14,5,5,3
2025-02-18,Tuesday,Afternoon,Line B,186.8,500.1,44.7,117.9,52.6,2609,65,2.49,15,0.969,0.907,0.975,0.857,262.1,18,16,12,12,3,4
2025-02-18,Tuesday,Afternoon,Line C,185.0,494.5,44.9,114.8,42.0,2245,112,4.99,43,0.91,0.883,0.95,0.764,423.5,44,24,20,11,7,6
2025-02-18,Tuesday,Night,Line A,174.6,500.7,45.4,117.9,58.9,2408,204,8.47,0,1.0,0.907,0.915,0.83,785.8,76,44,33,23,20,8
2025-02-18,Tuesday,Night,Line B,180.0,500.9,45.6,124.0,50.2,2411,132,5.47,5,0.99,0.954,0.945,0.892,504.6,35,44,17,17,13,6
2025-02-18,Tuesday,Night,Line C,182.1,520.3,44.8,103.1,53.9,2503,200,7.99,32,0.933,0.793,0.92,0.681,825.3,66,45,29,35,17,8
2025-02-19,Wednesday,Day,Line A,184.8,502.1,43.6,118.6,54.9,2429,60,2.47,12,0.975,0.913,0.975,0.868,244.6,23,14,6,9,3,5
2025-02-19,Wednesday,Day,Line B,185.1,504.3,46.2,117.7,51.4,2288,57,2.49,22,0.954,0.906,0.975,0.843,193.3,15,17,8,5,2,10
2025-02-19,Wednesday,Day,Line C,183.4,507.3,45.2,118.5,53.3,2549,127,4.98,38,0.921,0.912,0.95,0.798,480.0,37,29,25,17,13,6
2025-02-19,Wednesday,Afternoon,Line A,180.2,498.0,50.1,123.3,47.9,2680,67,2.5,15,0.969,0.948,0.975,0.895,223.9,15,21,17,5,6,3
2025-02-19,Wednesday,Afternoon,Line B,181.8,498.8,43.0,122.7,69.4,2139,85,3.97,0,1.0,0.944,0.96,0.907,361.5,28,11,14,18,11,3
2025-02-19,Wednesday,Afternoon,Line C,186.8,501.8,43.4,103.3,62.9,2435,121,4.97,32,0.933,0.794,0.95,0.705,458.8,48,20,23,13,10,7
2025-02-19,Wednesday,Night,Line A,193.6,497.3,38.1,122.2,60.0,2282,216,9.47,8,0.983,0.94,0.905,0.837,804.9,64,51,42,28,13,18
2025-02-19,Wednesday,Night,Line B,189.6,498.8,41.5,124.1,48.2,2528,139,5.5,7,0.985,0.954,0.945,0.889,528.9,47,36,22,16,10,8
2025-02-19,Wednesday,Night,Line C,187.5,504.8,49.3,141.7,59.0,2188,175,8.0,32,0.933,1.0,0.92,0.859,638.6,53,45,38,19,9,11
2025-02-20,Thursday,Day,Line A,182.6,498.4,44.1,112.6,48.5,2173,54,2.49,16,0.967,0.866,0.975,0.816,197.6,14,12,12,7,6,3
2025-02-20,Thursday,Day,Line B,185.7,497.7,47.3,116.7,58.7,2327,58,2.49,3,0.994,0.898,0.975,0.87,215.7,22,11,7,6,5,7
2025-02-20,Thursday,Day,Line C,179.7,505.8,47.6,151.1,45.4,2539,126,4.96,41,0.915,1.0,0.95,0.869,456.4,28,37,24,16,12,9
2025-02-20,Thursday,Afternoon,Line A,182.3,500.8,47.7,124.1,64.8,2624,65,2.48,6,0.988,0.955,0.975,0.919,231.7,19,17,14,6,6,3
2025-02-20,Thursday,Afternoon,Line B,188.3,499.5,45.2,123.8,60.6,2455,61,2.48,3,0.994,0.952,0.975,0.923,231.6,15,14,15,10,3,4
2025-02-20,Thursday,Afternoon,Line C,184.3,488.0,44.3,131.7,49.0,2781,139,5.0,20,0.958,1.0,0.95,0.91,515.8,43,28,31,17,13,7
2025-02-20,Thursday,Night,Line A,183.8,501.6,46.0,114.0,63.7,2442,134,5.49,24,0.95,0.877,0.945,0.787,500.3,45,32,21,13,20,3
2025-02-20,Thursday,Night,Line B,183.9,497.0,40.6,118.5,52.6,2582,142,5.5,5,0.99,0.912,0.945,0.853,522.7,42,40,29,15,11,5
2025-02-20,Thursday,Night,Line C,174.8,495.5,43.5,140.1,52.8,1959,215,10.97,18,0.963,1.0,0.89,0.857,847.3,58,66,28,33,19,11
2025-02-21,Friday,Day,Line A,182.7,494.6,44.5,119.8,55.9,2412,60,2.49,2,0.996,0.921,0.975,0.895,226.5,14,12,12,10,7,5
2025-02-21,Friday,Day,Line B,186.6,502.4,41.3,115.9,63.6,2256,56,2.48,16,0.967,0.892,0.975,0.841,198.5,12,9,17,8,7,3
2025-02-21,Friday,Day,Line C,188.0,520.6,40.5,127.3,50.5,2282,114,5.0,28,0.942,0.979,0.95,0.876,435.5,39,33,13,13,6,10
2025-02-21,Friday,Afternoon,Line A,188.4,495.5,42.3,109.1,49.4,2432,60,2.47,22,0.954,0.839,0.975,0.781,219.9,16,20,13,6,5,0
2025-02-21,Friday,Afternoon,Line B,181.3,501.4,44.5,116.9,56.6,2412,60,2.49,3,0.994,0.899,0.975,0.871,233.4,17,14,9,10,3,7
2025-02-21,Friday,Afternoon,Line C,181.6,500.1,41.9,133.8,53.4,2623,131,4.99,41,0.915,1.0,0.95,0.869,472.5,44,37,23,10,11,6
2025-02-21,Friday,Night,Line A,184.7,497.1,43.2,104.6,61.2,2365,130,5.5,0,1.0,0.805,0.945,0.761,462.5,38,26,24,14,15,13
2025-02-21,Friday,Night,Line B,189.1,498.2,44.7,125.9,57.7,2387,131,5.49,18,0.963,0.969,0.945,0.881,522.7,44,35,20,19,7,6
2025-02-21,Friday,Night,Line C,184.2,516.0,50.1,118.8,51.1,2667,213,7.99,45,0.906,0.914,0.92,0.762,815.6,65,50,35,29,21,13
2025-02-22,Saturday,Day,Line A,185.0,504.8,46.9,117.1,58.1,2565,64,2.5,10,0.979,0.901,0.975,0.86,219.2,14,18,15,6,8,3
2025-02-22,Saturday,Day,Line B,189.1,499.5,45.0,117.6,63.8,2791,69,2.47,16,0.967,0.905,0.975,0.853,253.4,24,21,10,6,2,6
2025-02-22,Saturday,Day,Line C,179.5,507.7,47.8,105.5,43.7,2372,118,4.97,30,0.938,0.812,0.95,0.723,438.4,31,24,19,17,15,12
2025-02-22,Saturday,Afternoon,Line A,187.1,496.8,39.9,118.9,53.9,2427,60,2.47,19,0.96,0.914,0.975,0.856,236.2,21,18,8,7,5,1
2025-02-22,Saturday,Afternoon,Line B,186.1,498.7,43.6,126.1,59.9,1949,48,2.46,3,0.994,0.97,0.975,0.94,167.0,5,13,10,8,5,7
2025-02-22,Saturday,Afternoon,Line C,182.6,508.9,45.0,117.8,54.1,2658,132,4.97,27,0.944,0.907,0.95,0.813,469.6,51,30,21,9,7,14
2025-02-22,Saturday,Night,Line A,178.7,498.9,39.5,124.8,68.5,2733,191,6.99,11,0.977,0.96,0.93,0.872,747.3,62,46,35,27,13,8
2025-02-22,Saturday,Night,Line B,176.3,500.2,49.7,119.9,61.2,2190,186,8.49,11,0.977,0.922,0.915,0.824,713.8,67,53,29,19,13,5
2025-02-22,Saturday,Night,Line C,182.4,500.7,39.5,119.9,51.2,2175,174,8.0,26,0.946,0.922,0.92,0.803,669.4,59,37,31,23,13,11
2025-02-23,Sunday,Day,Line A,188.0,498.9,48.0,130.9,53.1,2095,52,2.48,21,0.956,1.0,0.975,0.933,185.7,12,10,16,7,5,2
2025-02-23,Sunday,Day,Line B,187.8,494.8,45.8,118.6,55.9,2491,62,2.49,28,0.942,0.912,0.975,0.838,233.7,17,11,9,10,6,9
2025-02-23,Sunday,Day,Line C,182.5,498.6,46.5,120.9,43.9,2436,121,4.97,30,0.938,0.93,0.95,0.829,459.5,37,35,19,14,12,4
2025-02-23,Sunday,Afternoon,Line A,182.7,496.4,44.8,120.9,71.0,2308,92,3.99,3,0.994,0.93,0.96,0.887,352.6,25,23,20,14,5,5
2025-02-23,Sunday,Afternoon,Line B,185.9,497.8,46.7,120.8,57.4,2243,56,2.5,19,0.96,0.929,0.975,0.87,184.8,17,15,12,3,3,6
2025-02-23,Sunday,Afternoon,Line C,183.7,504.3,45.1,135.8,39.6,2320,116,5.0,32,0.933,1.0,0.95,0.887,425.6,32,29,20,14,12,9
2025-02-23,Sunday,Night,Line A,190.2,498.8,46.1,121.2,54.9,2258,124,5.49,18,0.963,0.933,0.945,0.848,452.7,35,37,26,13,8,5
2025-02-23,Sunday,Night,Line B,200.0,500.1,42.1,134.1,44.4,2404,228,9.48,6,0.988,1.0,0.905,0.894,836.9,67,68,44,23,18,8
2025-02-23,Sunday,Night,Line C,176.0,510.0,42.8,104.8,53.7,2413,265,10.98,17,0.965,0.806,0.89,0.692,927.4,81,77,57,19,19,12
2025-02-24,Monday,Day,Line A,184.7,501.8,44.9,118.9,55.5,2279,79,3.47,31,0.935,0.915,0.965,0.826,308.4,24,19,16,12,4,4
2025-02-24,Monday,Day,Line B,180.5,500.8,45.3,118.3,53.9,2428,84,3.46,19,0.96,0.91,0.965,0.844,301.4,31,22,16,6,3,6
2025-02-24,Monday,Day,Line C,183.3,513.8,43.5,112.8,51.4,2157,129,5.98,41,0.915,0.867,0.94,0.746,438.0,35,32,27,10,15,10
2025-02-24,Monday,Afternoon,Line A,185.5,499.0,47.6,129.7,45.0,2504,87,3.47,16,0.967,0.998,0.965,0.931,354.4,28,21,14,15,4,5
2025-02-24,Monday,Afternoon,Line B,185.0,497.1,44.9,113.8,66.1,2128,106,4.98,16,0.967,0.876,0.95,0.804,353.8,33,23,25,7,7,11
2025-02-24,Monday,Afternoon,Line C,185.1,504.1,43.0,103.1,55.9,2336,140,5.99,29,0.94,0.793,0.94,0.701,548.6,45,33,22,20,13,7
2025-02-24,Monday,Night,Line A,171.9,500.8,48.8,113.6,60.4,2410,228,9.46,8,0.983,0.874,0.905,0.778,791.2,74,55,52,16,18,13
2025-02-24,Monday,Night,Line B,187.3,502.1,53.6,109.1,54.5,2638,171,6.48,17,0.965,0.839,0.935,0.757,654.1,58,38,32,21,15,7
2025-02-24,Monday,Night,Line C,194.3,486.4,44.4,109.9,69.7,2519,365,14.49,33,0.931,0.845,0.855,0.673,1397.3,125,87,55,45,26,27
2025-02-25,Tuesday,Day,Line A,185.5,498.7,41.2,127.2,45.2,2281,57,2.5,0,1.0,0.979,0.975,0.954,221.4,20,19,5,6,4,3
2025-02-25,Tuesday,Day,Line B,184.1,499.8,47.6,110.7,58.3,2221,55,2.48,18,0.963,0.851,0.975,0.799,212.2,19,12,9,7,5,3
2025-02-25,Tuesday,Day,Line C,183.8,494.9,47.5,134.7,52.3,2041,102,5.0,28,0.942,1.0,0.95,0.895,364.5,34,16,26,10,11,5
2025-02-25,Tuesday,Afternoon,Line A,184.0,498.1,45.4,121.8,47.7,2654,66,2.49,2,0.996,0.937,0.975,0.91,229.3,22,13,14,5,7,5
2025-02-25,Tuesday,Afternoon,Line B,180.9,498.7,47.0,121.4,43.9,2303,57,2.48,0,1.0,0.934,0.975,0.911,235.2,16,14,10,11,4,2
2025-02-25,Tuesday,Afternoon,Line C,178.9,503.6,47.0,101.1,63.7,2407,120,4.99,45,0.906,0.778,0.95,0.67,496.1,42,29,13,20,9,7
2025-02-25,Tuesday,Night,Line A,179.6,498.8,44.2,105.5,68.4,2219,155,6.99,8,0.983,0.812,0.93,0.742,586.2,49,36,27,20,11,12
2025-02-25,Tuesday,Night,Line B,187.9,501.5,54.0,120.8,46.5,2376,130,5.47,18,0.963,0.929,0.945,0.846,439.6,43,38,29,5,11,4
2025-02-25,Tuesday,Night,Line C,192.1,503.2,40.6,110.4,55.8,1937,232,11.98,39,0.919,0.85,0.88,0.687,855.7,75,54,43,25,20,15
2025-02-26,Wednesday,Day,Line A,187.1,498.2,47.3,111.7,43.0,2427,60,2.47,12,0.975,0.859,0.975,0.817,208.5,16,10,16,7,5,6
2025-02-26,Wednesday,Day,Line B,185.6,500.4,48.5,115.1,72.7,2281,91,3.99,20,0.958,0.886,0.96,0.815,339.8,28,19,18,12,6,8
2025-02-26,Wednesday,Day,Line C,189.9,502.7,43.8,131.7,55.0,2537,126,4.97,13,0.973,1.0,0.95,0.925,473.0,37,30,25,17,7,10
2025-02-26,Wednesday,Afternoon,Line A,187.5,503.6,45.2,114.8,48.4,2752,68,2.47,17,0.965,0.883,0.975,0.831,253.0,24,16,8,7,6,7
2025-02-26,Wednesday,Afternoon,Line B,185.8,497.0,46.0,124.3,56.4,2630,65,2.47,0,1.0,0.956,0.975,0.933,234.7,17,18,11,7,8,4
2025-02-26,Wednesday,Afternoon,Line C,179.3,495.4,41.2,113.4,63.8,2362,118,5.0,44,0.908,0.872,0.95,0.753,441.3,37,31,21,14,6,9
2025-02-26,Wednesday,Night,Line A,184.2,499.8,52.5,111.8,62.7,2377,130,5.47,9,0.981,0.86,0.945,0.798,473.5,38,35,21,14,11,11
2025-02-26,Wednesday,Night,Line B,176.4,500.2,48.9,111.5,61.6,2563,217,8.47,25,0.948,0.858,0.915,0.744,800.7,73,46,46,23,18,11
2025-02-26,Wednesday,Night,Line C,191.1,497.1,48.8,124.1,67.0,2414,229,9.49,45,0.906,0.955,0.905,0.783,886.7,74,68,32,28,17,10
2025-02-27,Thursday,Day,Line A,187.2,498.5,46.2,112.5,56.5,2490,62,2.49,19,0.96,0.865,0.975,0.81,220.5,19,17,10,6,2,8
2025-02-27,Thursday,Day,Line B,188.2,498.7,44.7,120.3,51.2,2445,61,2.49,27,0.944,0.925,0.975,0.851,228.4,23,8,11,7,7,5
2025-02-27,Thursday,Day,Line C,186.1,499.7,46.5,121.1,53.7,2225,111,4.99,37,0.923,0.932,0.95,0.817,386.4,45,24,14,5,11,12
2025-02-27,Thursday,Afternoon,Line A,183.2,498.2,45.5,114.3,57.8,2220,55,2.48,22,0.954,0.879,0.975,0.818,222.6,17,14,8,9,5,2
2025-02-27,Thursday,Afternoon,Line B,182.6,501.4,43.5,121.9,42.7,2309,57,2.47,4,0.992,0.938,0.975,0.907,225.8,21,11,13,8,3,1
2025-02-27,Thursday,Afternoon,Line C,185.8,512.2,43.4,134.1,67.0,2236,145,6.48,20,0.958,1.0,0.935,0.896,506.0,41,39,25,12,17,11
2025-02-27,Thursday,Night,Line A,185.2,500.1,32.3,125.8,37.9,2370,130,5.49,19,0.96,0.968,0.945,0.878,492.9,42,25,22,17,15,9
2025-02-27,Thursday,Night,Line B,187.7,499.5,40.9,120.5,42.5,2428,133,5.48,20,0.958,0.927,0.945,0.839,510.4,46,30,20,16,14,7
2025-02-27,Thursday,Night,Line C,198.4,492.5,40.8,138.3,56.6,2610,313,11.99,28,0.942,1.0,0.88,0.829,1198.3,111,72,45,37,26,22
2025-02-28,Friday,Day,Line A,187.4,491.9,44.7,112.8,51.2,2340,58,2.48,8,0.983,0.868,0.975,0.832,234.7,13,13,7,12,8,5
2025-02-28,Friday,Day,Line B,181.8,495.9,45.2,124.9,71.4,2516,100,3.97,6,0.988,0.961,0.96,0.911,396.8,32,24,18,15,8,3
2025-02-28,Friday,Day,Line C,187.2,487.2,43.1,107.0,52.5,2684,134,4.99,35,0.927,0.823,0.95,0.725,483.0,35,26,30,18,11,14
2025-02-28,Friday,Afternoon,Line A,181.4,501.2,46.7,116.8,57.3,2327,58,2.49,19,0.96,0.899,0.975,0.842,204.6,18,14,14,5,4,3
2025-02-28,Friday,Afternoon,Line B,182.2,505.3,42.9,115.7,59.5,2531,63,2.49,7,0.985,0.89,0.975,0.855,256.1,24,16,7,9,3,4
2025-02-28,Friday,Afternoon,Line C,178.2,508.1,43.9,115.7,76.1,2460,159,6.46,38,0.921,0.89,0.935,0.767,571.5,54,39,32,13,13,8
2025-02-28,Friday,Night,Line A,179.1,500.8,45.6,120.8,49.9,2807,154,5.49,15,0.969,0.929,0.945,0.85,576.1,58,28,26,16,15,11
2025-02-28,Friday,Night,Line B,182.6,500.3,49.1,119.1,45.3,2411,132,5.47,1,0.998,0.916,0.945,0.864,487.5,52,31,22,10,11,6
2025-02-28,Friday,Night,Line C,189.2,511.6,43.6,117.1,66.7,2501,237,9.48,39,0.919,0.901,0.905,0.749,869.8,73,61,42,25,21,15
2025-03-01,Saturday,Day,Line A,187.4,503.4,41.1,124.9,48.5,2571,64,2.49,18,0.963,0.961,0.975,0.902,233.1,22,10,16,7,5,4
2025-03-01,Saturday,Day,Line B,182.3,499.5,48.1,115.9,72.6,2398,95,3.96,21,0.956,0.892,0.96,0.819,353.7,23,24,17,14,8,9
2025-03-01,Saturday,Day,Line C,185.6,487.6,43.9,133.5,44.7,2543,127,4.99,25,0.948,1.0,0.95,0.901,445.5,35,32,29,13,6,12
2025-03-01,Saturday,Afternoon,Line A,184.7,499.6,44.7,120.2,55.6,2313,57,2.46,24,0.95,0.924,0.975,0.856,216.0,17,12,11,8,5,4
2025-03-01,Saturday,Afternoon,Line B,185.0,499.0,43.8,110.2,41.1,2780,69,2.48,25,0.948,0.848,0.975,0.783,265.6,21,19,13,9,5,2
2025-03-01,Saturday,Afternoon,Line C,192.1,498.0,40.4,110.1,51.6,2348,211,8.99,33,0.931,0.847,0.91,0.718,834.2,80,39,28,30,14,20
2025-03-01,Saturday,Night,Line A,190.4,500.2,54.3,112.8,50.9,2374,130,5.48,0,1.0,0.868,0.945,0.82,511.0,48,25,23,18,8,8
2025-03-01,Saturday,Night,Line B,185.0,495.2,42.0,115.5,61.5,2423,133,5.49,0,1.0,0.888,0.945,0.84,449.6,43,30,22,7,21,10
2025-03-01,Saturday,Night,Line C,189.4,494.4,46.6,121.0,66.9,2193,208,9.48,32,0.933,0.931,0.905,0.786,735.3,63,56,36,17,22,14
2025-03-02,Sunday,Day,Line A,186.4,500.7,41.7,122.9,48.1,2116,52,2.46,0,1.0,0.945,0.975,0.922,200.7,19,17,4,5,4,3
2025-03-02,Sunday,Day,Line B,181.3,496.0,45.3,118.4,44.2,2343,58,2.48,2,0.996,0.911,0.975,0.884,216.2,22,15,8,5,4,4
2025-03-02,Sunday,Day,Line C,181.9,496.5,43.8,120.4,60.9,2580,129,5.0,31,0.935,0.926,0.95,0.823,486.8,46,26,22,15,10,10
2025-03-02,Sunday,Afternoon,Line A,186.5,495.0,46.3,119.3,67.1,2173,86,3.96,17,0.965,0.918,0.96,0.85,331.5,25,17,13,13,12,6
2025-03-02,Sunday,Afternoon,Line B,183.3,500.1,44.4,120.6,36.0,2034,50,2.46,18,0.963,0.928,0.975,0.871,169.6,14,14,12,3,6,1
2025-03-02,Sunday,Afternoon,Line C,183.9,506.0,40.9,129.0,56.9,2200,110,5.0,53,0.89,0.993,0.95,0.839,407.4,32,27,24,13,10,4
2025-03-02,Sunday,Night,Line A,187.6,501.6,50.5,122.4,48.8,2051,112,5.46,2,0.996,0.941,0.945,0.886,420.5,38,27,24,13,3,7
2025-03-02,Sunday,Night,Line B,177.4,505.4,43.1,123.0,55.4,2441,207,8.48,25,0.948,0.946,0.915,0.821,753.7,73,44,31,19,22,18
2025-03-02,Sunday,Night,Line C,175.5,491.7,50.8,127.1,75.3,2413,301,12.47,52,0.892,0.978,0.875,0.763,1086.4,101,67,55,26,37,15
2025-03-03,Monday,Day,Line A,185.0,497.6,46.2,122.3,67.3,2651,132,4.98,12,0.975,0.941,0.95,0.872,473.3,36,40,25,12,15,4
2025-03-03,Monday,Day,Line B,182.7,494.6,38.5,126.0,42.6,2713,94,3.46,11,0.977,0.969,0.965,0.914,344.8,30,25,19,9,8,3
2025-03-03,Monday,Day,Line C,182.1,499.2,44.7,121.5,68.3,2351,176,7.49,29,0.94,0.934,0.925,0.812,674.7,57,39,31,24,12,13
2025-03-03,Monday,Afternoon,Line A,182.1,497.1,43.7,120.2,58.0,2318,81,3.49,33,0.931,0.925,0.965,0.831,302.1,21,18,17,12,6,7
2025-03-03,Monday,Afternoon,Line B,182.8,500.8,44.6,114.1,66.8,2275,113,4.97,30,0.938,0.878,0.95,0.782,429.1,38,27,19,13,11,5
2025-03-03,Monday,Afternoon,Line C,184.8,486.4,43.4,122.3,48.7,2440,146,5.98,45,0.906,0.94,0.94,0.801,549.8,37,33,29,22,15,10
2025-03-03,Monday,Night,Line A,181.1,493.9,46.7,127.3,50.3,2488,161,6.47,15,0.969,0.979,0.935,0.887,605.3,47,45,24,19,18,8
2025-03-03,Monday,Night,Line B,181.0,500.4,43.6,112.0,55.3,2376,154,6.48,31,0.935,0.862,0.935,0.754,568.8,55,34,26,15,13,11
2025-03-03,Monday,Night,Line C,186.5,497.2,41.6,124.1,50.6,2763,248,8.98,43,0.91,0.954,0.91,0.791,1015.3,101,62,34,33,12,6
2025-03-04,Tuesday,Day,Line A,183.2,497.2,42.5,118.9,58.1,2540,63,2.48,13,0.973,0.915,0.975,0.868,251.5,15,18,13,11,6,0
2025-03-04,Tuesday,Day,Line B,184.8,500.5,45.6,118.7,56.4,2085,52,2.49,12,0.975,0.913,0.975,0.868,195.7,14,16,6,7,3,6
2025-03-04,Tuesday,Day,Line C,185.1,501.1,44.0,108.9,41.0,2260,113,5.0,32,0.933,0.838,0.95,0.743,363.0,34,24,25,5,14,11
2025-03-04,Tuesday,Afternoon,Line A,186.2,501.6,42.8,125.0,64.0,2174,54,2.48,3,0.994,0.961,0.975,0.932,217.7,23,15,6,6,2,2
2025-03-04,Tuesday,Afternoon,Line B,182.1,499.2,47.4,108.0,54.6,2321,58,2.5,26,0.946,0.831,0.975,0.766,233.8,21,14,10,8,5,0
2025-03-04,Tuesday,Afternoon,Line C,186.1,484.3,45.9,132.6,54.4,2748,137,4.99,43,0.91,1.0,0.95,0.865,498.7,48,22,26,15,11,15
2025-03-04,Tuesday,Night,Line A,186.5,497.9,37.3,112.1,51.2,2438,134,5.5,20,0.958,0.862,0.945,0.781,528.3,51,35,21,16,6,5
2025-03-04,Tuesday,Night,Line B,185.5,499.6,49.1,116.4,42.9,2097,115,5.48,4,0.992,0.896,0.945,0.839,413.0,36,22,25,12,12,8
2025-03-04,Tuesday,Night,Line C,184.4,498.6,46.9,123.5,53.4,2098,167,7.96,37,0.923,0.95,0.92,0.807,613.9,58,35,37,17,11,9
2025-03-05,Wednesday,Day,Line A,179.6,497.1,48.6,123.6,58.4,2366,59,2.49,0,1.0,0.951,0.975,0.927,225.9,18,16,9,8,3,5
2025-03-05,Wednesday,Day,Line B,187.1,499.5,47.4,120.0,55.5,2346,58,2.47,0,1.0,0.923,0.975,0.901,222.8,16,18,8,8,4,4
2025-03-05,Wednesday,Day,Line C,182.2,504.3,46.1,147.0,47.7,2633,131,4.98,38,0.921,1.0,0.95,0.875,488.2,34,35,25,17,14,6
2025-03-05,Wednesday,Afternoon,Line A,182.7,502.1,44.2,113.5,58.5,2113,52,2.46,10,0.979,0.873,0.975,0.834,187.0,15,13,10,5,7,2
2025-03-05,Wednesday,Afternoon,Line B,187.5,498.6,44.8,134.9,54.1,2753,68,2.47,17,0.965,1.0,0.975,0.941,269.3,18,15,17,12,5,1
2025-03-05,Wednesday,Afternoon,Line C,179.0,499.9,44.7,114.8,58.5,2249,112,4.98,44,0.908,0.883,0.95,0.762,395.3,34,18,28,12,11,9
2025-03-05,Wednesday,Night,Line A,174.4,498.3,43.8,116.8,50.5,2774,235,8.47,3,0.994,0.899,0.915,0.817,857.7,81,66,44,19,16,9
2025-03-05,Wednesday,Night,Line B,185.2,494.8,45.1,128.5,56.2,2341,128,5.47,31,0.935,0.988,0.945,0.874,507.4,48,30,20,17,6,7
2025-03-05,Wednesday,Night,Line C,186.5,499.9,49.6,133.1,48.6,2294,183,7.98,21,0.956,1.0,0.92,0.88,638.0,46,55,38,17,14,13
2025-03-06,Thursday,Day,Line A,184.2,495.1,45.4,119.8,49.2,2362,59,2.5,12,0.975,0.921,0.975,0.876,212.3,14,17,12,7,5,4
2025-03-06,Thursday,Day,Line B,183.3,496.4,45.0,121.2,48.3,2275,56,2.46,4,0.992,0.932,0.975,0.901,190.2,15,20,11,3,5,2
2025-03-06,Thursday,Day,Line C,184.8,488.2,46.9,120.7,58.4,2306,115,4.99,13,0.973,0.928,0.95,0.858,438.0,44,24,16,12,12,7
2025-03-06,Thursday,Afternoon,Line A,188.3,497.9,47.3,125.3,44.7,2182,54,2.47,37,0.923,0.964,0.975,0.868,212.8,17,15,6,8,3,5
2025-03-06,Thursday,Afternoon,Line B,183.8,505.1,42.9,118.6,46.4,2403,60,2.5,20,0.958,0.913,0.975,0.853,223.7,19,17,8,7,2,7
2025-03-06,Thursday,Afternoon,Line C,186.9,511.6,44.1,114.8,44.6,2314,115,4.97,44,0.908,0.883,0.95,0.763,465.6,31,25,19,22,11,7
2025-03-06,Thursday,Night,Line A,177.0,503.5,38.4,116.7,47.0,2049,174,8.49,11,0.977,0.897,0.915,0.802,625.3,52,37,44,18,17,6
2025-03-06,Thursday,Night,Line B,190.0,496.8,44.8,129.6,64.3,2669,146,5.47,12,0.975,0.997,0.945,0.919,566.7,36,33,33,25,13,6
2025-03-06,Thursday,Night,Line C,183.3,494.6,39.4,113.3,43.8,2818,225,7.98,42,0.912,0.872,0.92,0.732,890.6,69,61,38,34,13,10
2025-03-07,Friday,Day,Line A,180.6,502.1,44.5,123.5,61.2,2721,68,2.5,25,0.948,0.95,0.975,0.878,282.9,23,17,12,12,2,2
2025-03-07,Friday,Day,Line B,186.1,501.0,49.5,106.4,53.3,2650,66,2.49,15,0.969,0.818,0.975,0.773,262.5,22,16,7,10,5,6
2025-03-07,Friday,Day,Line C,180.5,490.7,45.6,103.6,50.7,2500,125,5.0,25,0.948,0.797,0.95,0.718,455.0,34,37,22,14,8,10
2025-03-07,Friday,Afternoon,Line A,184.5,501.3,45.7,122.3,42.0,2511,62,2.47,21,0.956,0.941,0.975,0.877,229.4,23,7,14,7,7,4
2025-03-07,Friday,Afternoon,Line B,186.0,503.2,45.6,120.7,41.2,2345,58,2.47,11,0.977,0.929,0.975,0.885,226.6,19,15,10,8,3,3
2025-03-07,Friday,Afternoon,Line C,178.8,505.3,44.7,110.5,39.6,2522,126,5.0,38,0.921,0.85,0.95,0.744,460.5,40,29,25,14,7,11
2025-03-07,Friday,Night,Line A,192.5,497.7,42.1,118.5,38.2,2427,230,9.48,0,1.0,0.911,0.905,0.825,875.6,65,51,48,33,23,10
2025-03-07,Friday,Night,Line B,177.5,502.6,44.8,125.4,56.4,2013,171,8.49,10,0.979,0.965,0.915,0.865,678.4,58,34,27,26,16,10
2025-03-07,Friday,Night,Line C,192.5,495.5,46.4,125.7,60.6,2307,276,11.96,31,0.935,0.967,0.88,0.796,1024.6,83,69,48,32,27,17
2025-03-08,Saturday,Day,Line A,186.5,500.3,44.2,122.6,49.8,2277,56,2.46,0,1.0,0.943,0.975,0.92,209.6,23,15,9,4,3,2
2025-03-08,Saturday,Day,Line B,184.4,498.5,45.0,117.7,67.3,1941,77,3.97,15,0.969,0.905,0.96,0.842,297.6,27,20,14,9,5,2
2025-03-08,Saturday,Day,Line C,183.5,483.4,47.3,110.7,48.2,2319,115,4.96,45,0.906,0.852,0.95,0.733,445.5,37,27,16,16,10,9
2025-03-08,Saturday,Afternoon,Line A,185.1,498.5,44.5,119.2,59.8,2674,66,2.47,15,0.969,0.917,0.975,0.866,249.4,19,18,9,8,9,3
2025-03-08,Saturday,Afternoon,Line B,183.6,501.9,45.4,120.5,75.1,2747,109,3.97,32,0.933,0.927,0.96,0.831,432.1,30,28,22,19,3,7
2025-03-08,Saturday,Afternoon,Line C,183.3,498.1,46.7,118.9,59.0,2714,135,4.97,42,0.912,0.915,0.95,0.793,519.3,48,31,23,16,11,6
2025-03-08,Saturday,Night,Line A,199.2,498.9,39.2,118.0,55.1,2512,238,9.47,13,0.973,0.907,0.905,0.799,886.1,80,59,38,24,25,12
2025-03-08,Saturday,Night,Line B,189.0,496.9,52.6,121.2,60.8,2274,125,5.5,24,0.95,0.933,0.945,0.837,478.6,49,31,15,12,11,7
2025-03-08,Saturday,Night,Line C,189.1,496.5,41.2,112.3,60.6,2274,181,7.96,42,0.912,0.864,0.92,0.725,696.4,53,37,34,28,15,14
2025-03-09,Sunday,Day,Line A,189.5,499.8,46.3,117.1,74.6,2796,111,3.97,12,0.975,0.901,0.96,0.843,401.2,43,18,20,9,13,8
2025-03-09,Sunday,Day,Line B,187.2,500.2,45.4,115.8,41.3,2447,61,2.49,10,0.979,0.891,0.975,0.851,249.5,24,17,8,8,3,1
2025-03-09,Sunday,Day,Line C,191.9,513.5,44.3,119.0,54.8,2398,119,4.96,25,0.948,0.916,0.95,0.825,452.3,40,30,22,14,7,6
2025-03-09,Sunday,Afternoon,Line A,184.9,502.6,42.2,118.9,53.8,2386,59,2.47,5,0.99,0.914,0.975,0.882,234.5,20,12,10,9,5,3
2025-03-09,Sunday,Afternoon,Line B,183.7,498.6,45.7,122.3,30.6,2604,65,2.5,26,0.946,0.941,0.975,0.867,248.5,24,9,12,8,9,3
2025-03-09,Sunday,Afternoon,Line C,181.0,491.1,49.2,123.3,66.7,2241,145,6.47,30,0.938,0.949,0.935,0.832,555.8,50,31,21,19,10,14
2025-03-09,Sunday,Night,Line A,186.5,501.4,48.2,125.9,58.3,2124,116,5.46,7,0.985,0.968,0.945,0.902,462.1,45,30,19,14,6,2
2025-03-09,Sunday,Night,Line B,184.8,494.8,45.1,126.1,50.2,2482,136,5.48,20,0.958,0.97,0.945,0.878,506.1,42,34,22,16,11,11
2025-03-09,Sunday,Night,Line C,172.6,511.6,39.3,109.5,60.4,2454,269,10.96,43,0.91,0.842,0.89,0.683,1036.5,94,74,42,31,15,13
2025-03-10,Monday,Day,Line A,184.2,504.6,43.4,127.5,59.5,2155,75,3.48,25,0.948,0.981,0.965,0.897,297.2,32,14,12,9,4,4
2025-03-10,Monday,Day,Line B,186.4,501.2,46.9,122.0,52.5,2240,78,3.48,21,0.956,0.938,0.965,0.866,321.5,30,14,10,13,5,6
2025-03-10,Monday,Day,Line C,185.8,515.7,44.4,134.5,50.0,2223,133,5.98,27,0.944,1.0,0.94,0.887,532.3,45,31,22,20,10,5
2025-03-10,Monday,Afternoon,Line A,187.6,500.3,44.5,122.0,73.3,2047,102,4.98,18,0.963,0.938,0.95,0.858,386.7,40,19,20,10,11,2
2025-03-10,Monday,Afternoon,Line B,183.9,500.0,42.7,125.1,40.6,2507,87,3.47,8,0.983,0.963,0.965,0.914,336.0,24,21,15,13,10,4
2025-03-10,Monday,Afternoon,Line C,189.6,506.3,44.8,108.1,56.3,2260,135,5.97,39,0.919,0.832,0.94,0.719,488.9,44,38,25,12,7,9
2025-03-10,Monday,Night,Line A,178.6,503.1,40.2,114.7,47.7,2551,165,6.47,4,0.992,0.883,0.935,0.819,610.3,46,45,32,19,17,6
2025-03-10,Monday,Night,Line B,197.7,497.4,43.5,118.2,51.6,2524,265,10.5,13,0.973,0.909,0.895,0.791,985.8,83,54,57,33,21,17
2025-03-10,Monday,Night,Line C,184.3,497.0,47.2,107.1,51.6,1756,158,9.0,29,0.94,0.824,0.91,0.705,583.3,50,38,31,18,9,12
2025-03-11,Tuesday,Day,Line A,185.5,497.7,43.4,117.5,69.0,2880,115,3.99,0,1.0,0.904,0.96,0.868,432.7,33,30,18,15,10,9
2025-03-11,Tuesday,Day,Line B,186.7,503.0,41.8,120.9,58.6,2385,59,2.47,4,0.992,0.93,0.975,0.899,226.4,23,9,17,7,3,0
2025-03-11,Tuesday,Day,Line C,184.3,504.7,44.5,133.7,71.2,2221,144,6.48,41,0.915,1.0,0.935,0.855,543.6,52,36,23,14,14,5
2025-03-11,Tuesday,Afternoon,Line A,184.9,502.4,47.7,125.3,58.8,2402,60,2.5,2,0.996,0.964,0.975,0.936,202.7,21,14,13,3,4,5
2025-03-11,Tuesday,Afternoon,Line B,179.3,501.9,47.3,112.4,54.9,2598,64,2.46,0,1.0,0.864,0.975,0.843,235.1,24,13,8,5,11,3
2025-03-11,Tuesday,Afternoon,Line C,180.5,507.8,46.7,124.4,41.2,2328,116,4.98,22,0.954,0.957,0.95,0.867,459.4,38,28,17,17,10,6
2025-03-11,Tuesday,Night,Line A,180.6,495.8,35.3,119.8,50.5,2114,116,5.49,11,0.977,0.922,0.945,0.851,454.6,32,25,18,20,10,11
2025-03-11,Tuesday,Night,Line B,193.2,502.0,41.3,114.8,61.5,2479,235,9.48,13,0.973,0.883,0.905,0.778,869.9,77,65,40,23,18,12
2025-03-11,Tuesday,Night,Line C,191.0,502.0,44.4,113.9,58.9,2230,178,7.98,26,0.946,0.876,0.92,0.762,674.6,52,48,27,23,16,12
2025-03-12,Wednesday,Day,Line A,184.0,504.5,42.8,120.8,67.0,2137,85,3.98,15,0.969,0.929,0.96,0.864,310.5,25,18,15,10,10,7
2025-03-12,Wednesday,Day,Line B,186.6,500.3,46.1,114.3,57.0,2659,66,2.48,21,0.956,0.879,0.975,0.82,252.4,19,14,9,10,7,7
2025-03-12,Wednesday,Day,Line C,187.8,514.8,44.2,106.8,52.1,2687,134,4.99,16,0.967,0.822,0.95,0.755,525.1,38,30,25,22,11,8
2025-03-12,Wednesday,Afternoon,Line A,180.6,498.8,43.3,112.4,38.6,2163,54,2.5,25,0.948,0.865,0.975,0.799,200.7,21,11,9,5,4,4
2025-03-12,Wednesday,Afternoon,Line B,185.4,498.0,46.3,124.5,60.1,2194,54,2.46,7,0.985,0.957,0.975,0.92,200.1,8,16,11,9,7,3
2025-03-12,Wednesday,Afternoon,Line C,183.3,505.0,44.8,101.4,43.0,2398,119,4.96,28,0.942,0.78,0.95,0.698,438.5,42,30,22,11,7,7
2025-03-12,Wednesday,Night,Line A,187.5,498.3,42.6,119.0,68.2,2540,177,6.97,20,0.958,0.915,0.93,0.816,689.7,53,44,28,26,16,10
2025-03-12,Wednesday,Night,Line B,191.1,502.0,44.1,122.7,54.8,2204,121,5.49,19,0.96,0.944,0.945,0.857,513.1,45,24,19,22,8,3
2025-03-12,Wednesday,Night,Line C,185.8,504.6,39.5,126.6,49.7,2196,175,7.97,29,0.94,0.974,0.92,0.842,653.7,57,44,38,19,12,5
2025-03-13,Thursday,Day,Line A,185.0,495.6,44.3,120.1,55.8,2053,51,2.48,5,0.99,0.924,0.975,0.891,183.9,17,16,8,4,2,4
2025-03-13,Thursday,Day,Line B,186.5,501.2,43.4,127.1,57.3,2545,63,2.48,25,0.948,0.978,0.975,0.904,266.6,29,12,6,9,5,2
2025-03-13,Thursday,Day,Line C,188.2,513.1,40.7,112.4,65.4,2119,137,6.47,45,0.906,0.865,0.935,0.733,533.8,44,27,24,21,10,11
2025-03-13,Thursday,Afternoon,Line A,182.5,499.3,43.1,118.1,63.1,2421,60,2.48,38,0.921,0.908,0.975,0.816,235.2,21,20,4,7,3,5
2025-03-13,Thursday,Afternoon,Line B,182.9,499.9,41.2,123.4,56.6,2361,59,2.5,0,1.0,0.95,0.975,0.926,218.6,19,19,11,5,5,0
2025-03-13,Thursday,Afternoon,Line C,183.7,501.2,41.3,110.0,49.6,2240,112,5.0,36,0.925,0.846,0.95,0.744,411.9,34,30,20,12,9,7
2025-03-13,Thursday,Night,Line A,188.5,499.5,45.7,118.0,55.9,2430,133,5.47,14,0.971,0.908,0.945,0.833,499.6,43,36,25,15,7,7
2025-03-13,Thursday,Night,Line B,181.8,502.8,47.3,114.9,52.1,2563,140,5.46,13,0.973,0.884,0.945,0.813,538.1,46,32,18,19,11,14
2025-03-13,Thursday,Night,Line C,186.3,493.4,48.2,119.1,52.8,2327,186,7.99,28,0.942,0.916,0.92,0.794,686.1,55,44,33,24,8,22
2025-03-14,Friday,Day,Line A,184.2,506.0,44.4,121.8,59.3,2199,54,2.46,3,0.994,0.937,0.975,0.908,202.3,16,12,11,7,5,3
2025-03-14,Friday,Day,Line B,182.4,504.7,43.6,117.4,65.2,2241,89,3.97,40,0.917,0.903,0.96,0.795,347.5,32,22,12,11,7,5
2025-03-14,Friday,Day,Line C,181.4,522.6,44.3,112.9,57.6,2283,114,4.99,38,0.921,0.868,0.95,0.76,435.8,30,37,14,15,12,6
2025-03-14,Friday,Afternoon,Line A,188.2,499.8,45.3,122.4,64.4,2068,51,2.47,9,0.981,0.941,0.975,0.901,181.8,15,17,10,4,3,2
2025-03-14,Friday,Afternoon,Line B,188.3,499.0,41.0,119.1,56.3,2373,59,2.49,17,0.965,0.916,0.975,0.861,206.8,16,14,11,6,6,6
2025-03-14,Friday,Afternoon,Line C,189.5,499.4,45.2,116.7,61.2,2556,127,4.97,32,0.933,0.897,0.95,0.796,469.8,53,26,12,9,17,10
2025-03-14,Friday,Night,Line A,182.3,497.9,47.1,126.6,64.4,2148,118,5.49,24,0.95,0.973,0.945,0.874,438.6,37,35,15,12,11,8
2025-03-14,Friday,Night,Line B,188.6,504.0,44.2,126.8,53.5,2569,141,5.49,25,0.948,0.975,0.945,0.874,511.6,40,41,25,14,14,7
2025-03-14,Friday,Night,Line C,191.7,500.2,52.4,126.1,64.2,2227,178,7.99,28,0.942,0.97,0.92,0.84,656.2,66,34,34,17,16,11
2025-03-15,Saturday,Day,Line A,185.7,500.9,47.7,111.2,47.4,2561,64,2.5,2,0.996,0.855,0.975,0.831,256.1,17,23,11,10,2,1
2025-03-15,Saturday,Day,Line B,186.8,500.3,41.6,115.4,51.0,2385,59,2.47,30,0.938,0.887,0.975,0.811,234.2,14,13,10,11,8,3
2025-03-15,Saturday,Day,Line C,186.8,497.6,44.3,122.2,54.8,2666,133,4.99,38,0.921,0.94,0.95,0.823,467.2,32,36,26,13,20,6
2025-03-15,Saturday,Afternoon,Line A,182.9,505.0,49.2,119.8,51.0,2365,59,2.49,19,0.96,0.922,0.975,0.863,218.8,20,16,11,6,2,4
2025-03-15,Saturday,Afternoon,Line B,187.2,499.3,43.4,115.3,43.5,2311,57,2.47,0,1.0,0.887,0.975,0.865,202.3,16,18,12,5,3,3
2025-03-15,Saturday,Afternoon,Line C,182.7,485.5,43.1,82.3,53.9,2171,108,4.97,35,0.927,0.633,0.95,0.558,431.6,31,23,17,19,11,7
2025-03-15,Saturday,Night,Line A,193.5,502.4,43.5,129.9,42.6,2119,201,9.49,5,0.99,0.999,0.905,0.895,777.3,66,40,36,29,15,15
2025-03-15,Saturday,Night,Line B,180.8,496.1,45.4,114.6,45.6,2315,127,5.49,7,0.985,0.882,0.945,0.821,516.3,47,20,26,21,8,5
2025-03-15,Saturday,Night,Line C,186.1,492.1,45.5,121.8,43.0,2599,207,7.96,34,0.929,0.937,0.92,0.801,768.5,58,47,44,27,19,12
2025-03-16,Sunday,Day,Line A,187.8,501.1,47.7,116.5,64.1,2294,57,2.48,19,0.96,0.896,0.975,0.839,209.6,19,11,11,6,7,3
2025-03-16,Sunday,Day,Line B,186.7,499.6,45.1,119.1,63.6,2400,60,2.5,0,1.0,0.916,0.975,0.893,219.0,14,18,13,8,2,5
2025-03-16,Sunday,Day,Line C,182.3,496.2,41.3,106.1,39.2,2392,119,4.97,43,0.91,0.816,0.95,0.706,475.6,42,26,20,18,6,7
2025-03-16,Sunday,Afternoon,Line A,182.8,499.5,43.0,121.7,53.1,2402,60,2.5,7,0.985,0.936,0.975,0.899,244.8,17,17,11,11,1,3
2025-03-16,Sunday,Afternoon,Line B,184.7,499.4,45.3,122.3,57.1,2455,61,2.48,10,0.979,0.941,0.975,0.899,254.0,18,22,7,10,4,0
2025-03-16,Sunday,Afternoon,Line C,186.1,514.7,41.9,118.5,47.7,2520,126,5.0,38,0.921,0.912,0.95,0.798,463.3,37,33,22,14,12,8
2025-03-16,Sunday,Night,Line A,189.1,497.5,45.7,115.6,59.1,2262,124,5.48,19,0.96,0.889,0.945,0.807,489.9,46,32,15,15,11,5
2025-03-16,Sunday,Night,Line B,188.3,500.8,42.7,106.0,55.3,2557,140,5.48,6,0.988,0.816,0.945,0.761,511.0,39,39,29,15,13,5
2025-03-16,Sunday,Night,Line C,192.6,502.1,41.5,114.4,64.0,2720,326,11.99,50,0.896,0.88,0.88,0.694,1208.3,100,86,56,37,23,24
2025-03-17,Monday,Day,Line A,184.2,499.2,49.2,123.0,49.9,2412,84,3.48,11,0.977,0.946,0.965,0.892,315.8,30,19,15,9,6,5
2025-03-17,Monday,Day,Line B,184.0,498.7,46.2,112.2,46.4,2468,86,3.48,27,0.944,0.863,0.965,0.786,323.8,31,22,11,9,5,8
2025-03-17,Monday,Day,Line C,184.4,493.7,42.4,123.0,72.3,2177,163,7.49,44,0.908,0.946,0.925,0.795,573.8,52,47,30,12,10,12
2025-03-17,Monday,Afternoon,Line A,184.4,502.2,45.0,110.8,38.6,2284,79,3.46,16,0.967,0.852,0.965,0.795,314.2,27,21,16,11,3,1
2025-03-17,Monday,Afternoon,Line B,184.3,506.0,41.7,118.7,53.8,2391,83,3.47,11,0.977,0.913,0.965,0.861,335.5,27,20,15,14,2,5
2025-03-17,Monday,Afternoon,Line C,177.5,491.8,45.2,137.1,64.0,2445,220,9.0,47,0.902,1.0,0.91,0.821,819.7,77,53,42,22,16,10
2025-03-17,Monday,Night,Line A,180.5,502.4,38.4,125.3,50.7,2322,150,6.46,28,0.942,0.964,0.935,0.849,541.9,46,42,19,14,15,14
2025-03-17,Monday,Night,Line B,175.9,493.4,53.3,120.6,50.1,2327,221,9.5,30,0.938,0.927,0.905,0.787,822.1,62,59,33,26,29,12
2025-03-17,Monday,Night,Line C,176.5,515.3,42.1,116.8,47.8,2939,352,11.98,51,0.894,0.899,0.88,0.707,1314.0,105,70,84,47,27,19
2025-03-18,Tuesday,Day,Line A,188.8,501.5,43.1,120.1,51.6,2561,64,2.5,12,0.975,0.924,0.975,0.878,225.0,28,9,16,3,6,2
2025-03-18,Tuesday,Day,Line B,184.7,499.4,47.3,120.8,60.7,2606,65,2.49,15,0.969,0.929,0.975,0.877,242.8,19,15,16,9,1,5
2025-03-18,Tuesday,Day,Line C,183.6,509.7,45.0,123.1,66.2,2906,188,6.47,27,0.944,0.947,0.935,0.836,730.1,66,39,32,25,15,11
2025-03-18,Tuesday,Afternoon,Line A,185.5,495.8,44.8,123.1,46.1,2362,59,2.5,19,0.96,0.947,0.975,0.887,214.2,16,16,14,7,2,4
2025-03-18,Tuesday,Afternoon,Line B,189.1,500.7,44.2,115.4,57.0,1911,47,2.46,20,0.958,0.888,0.975,0.83,182.5,20,12,4,4,5,2
2025-03-18,Tuesday,Afternoon,Line C,179.0,507.9,45.9,102.5,56.0,2930,146,4.98,46,0.904,0.789,0.95,0.677,533.0,51,37,30,13,7,8
2025-03-18,Tuesday,Night,Line A,180.0,502.7,49.2,120.8,60.4,2392,131,5.48,10,0.979,0.93,0.945,0.86,488.8,46,37,23,12,8,5
2025-03-18,Tuesday,Night,Line B,189.2,493.1,52.5,114.2,75.3,2823,197,6.98,0,1.0,0.879,0.93,0.817,745.9,66,45,30,23,21,12
2025-03-18,Tuesday,Night,Line C,187.7,502.6,39.6,125.3,53.4,2035,162,7.96,32,0.933,0.964,0.92,0.828,651.8,56,39,22,24,14,7
2025-03-19,Wednesday,Day,Line A,185.4,500.5,45.4,119.9,59.1,2240,56,2.5,25,0.948,0.922,0.975,0.852,243.7,15,14,9,13,4,1
2025-03-19,Wednesday,Day,Line B,189.4,503.7,49.1,122.4,56.1,2200,55,2.5,3,0.994,0.942,0.975,0.912,219.1,16,18,10,8,3,0
2025-03-19,Wednesday,Day,Line C,182.5,491.2,46.5,132.1,55.2,2227,111,4.98,50,0.896,1.0,0.95,0.851,409.8,39,22,22,12,7,9
2025-03-19,Wednesday,Afternoon,Line A,186.5,504.2,42.6,117.2,54.4,2707,67,2.48,0,1.0,0.901,0.975,0.879,269.7,19,14,11,12,8,3
2025-03-19,Wednesday,Afternoon,Line B,188.6,503.0,45.4,119.3,63.7,2391,59,2.47,9,0.981,0.918,0.975,0.878,211.9,20,14,11,5,5,4
2025-03-19,Wednesday,Afternoon,Line C,187.3,494.2,47.5,108.3,54.1,2288,114,4.98,60,0.875,0.833,0.95,0.693,437.0,40,29,19,13,8,5
2025-03-19,Wednesday,Night,Line A,182.3,505.7,43.8,113.1,52.6,2609,143,5.48,3,0.994,0.87,0.945,0.817,517.8,53,40,22,9,13,6
2025-03-19,Wednesday,Night,Line B,191.9,498.1,49.7,117.4,53.7,2364,130,5.5,3,0.994,0.903,0.945,0.848,495.8,44,31,18,16,10,11
2025-03-19,Wednesday,Night,Line C,176.3,503.8,51.2,135.2,60.7,2527,277,10.96,51,0.894,1.0,0.89,0.796,1009.9,73,72,46,34,26,26
2025-03-20,Thursday,Day,Line A,181.1,500.4,44.4,115.6,55.4,2061,51,2.47,11,0.977,0.889,0.975,0.847,192.9,23,10,10,4,2,2
2025-03-20,Thursday,Day,Line B,187.9,498.8,46.4,124.6,56.7,1929,48,2.49,12,0.975,0.959,0.975,0.912,185.3,16,13,7,6,3,3
2025-03-20,Thursday,Day,Line C,186.0,497.7,46.1,121.6,49.0,2338,116,4.96,29,0.94,0.935,0.95,0.835,459.2,34,37,13,17,8,7
2025-03-20,Thursday,Afternoon,Line A,184.5,503.8,48.6,122.4,53.0,2305,57,2.47,0,1.0,0.941,0.975,0.918,201.9,19,10,15,5,6,2
2025-03-20,Thursday,Afternoon,Line B,188.6,495.1,48.9,120.7,54.2,2360,59,2.5,24,0.95,0.928,0.975,0.86,202.2,22,9,14,4,4,6
2025-03-20,Thursday,Afternoon,Line C,178.7,496.7,44.4,121.8,39.2,2670,133,4.98,39,0.919,0.937,0.95,0.818,480.4,46,35,23,11,8,10
2025-03-20,Thursday,Night,Line A,184.9,497.1,38.3,123.6,60.5,2716,149,5.49,0,1.0,0.951,0.945,0.899,552.0,55,38,26,13,9,8
2025-03-20,Thursday,Night,Line B,181.7,498.9,51.6,120.2,53.5,2145,117,5.45,22,0.954,0.925,0.945,0.834,483.0,41,29,14,19,9,5
2025-03-20,Thursday,Night,Line C,180.7,505.7,43.7,132.6,59.0,2758,220,7.98,30,0.938,1.0,0.92,0.863,838.9,81,48,39,25,14,13
2025-03-21,Friday,Day,Line A,181.9,503.6,46.7,123.5,54.3,2340,58,2.48,28,0.942,0.95,0.975,0.873,233.4,19,15,10,9,3,2
2025-03-21,Friday,Day,Line B,182.5,497.9,45.8,124.0,64.0,2713,67,2.47,1,0.998,0.954,0.975,0.928,239.2,25,15,14,5,3,5
2025-03-21,Friday,Day,Line C,188.5,510.2,49.9,123.2,46.6,2334,116,4.97,33,0.931,0.947,0.95,0.838,436.9,46,29,18,10,7,6
2025-03-21,Friday,Afternoon,Line A,185.6,500.3,46.1,118.2,56.8,2511,62,2.47,11,0.977,0.909,0.975,0.866,236.6,25,12,14,6,5,0
2025-03-21,Friday,Afternoon,Line B,187.3,507.0,42.2,119.5,45.6,2718,67,2.47,6,0.988,0.919,0.975,0.885,240.0,25,20,10,4,3,5
2025-03-21,Friday,Afternoon,Line C,186.6,511.6,45.9,122.6,48.0,2683,134,4.99,46,0.904,0.943,0.95,0.81,485.4,47,25,22,12,19,9
2025-03-21,Friday,Night,Line A,188.4,501.9,45.7,122.6,48.6,2338,128,5.47,13,0.973,0.943,0.945,0.867,479.2,32,34,19,18,14,11
2025-03-21,Friday,Night,Line B,174.7,500.7,44.0,123.6,54.5,2368,201,8.49,16,0.967,0.951,0.915,0.841,763.8,69,49,35,23,15,10
2025-03-21,Friday,Night,Line C,185.8,497.1,35.8,133.7,46.5,2509,200,7.97,42,0.912,1.0,0.92,0.84,755.0,52,53,35,28,20,12
2025-03-22,Saturday,Day,Line A,188.1,504.1,48.7,111.1,68.0,2436,97,3.98,0,1.0,0.855,0.96,0.821,393.9,32,24,10,16,7,8
2025-03-22,Saturday,Day,Line B,179.6,501.2,46.1,115.1,45.5,2531,63,2.49,30,0.938,0.885,0.975,0.809,227.0,17,15,16,8,1,6
2025-03-22,Saturday,Day,Line C,187.7,494.3,40.8,114.9,55.5,2344,117,4.99,47,0.902,0.884,0.95,0.758,473.9,41,31,17,17,8,3
2025-03-22,Saturday,Afternoon,Line A,188.0,497.6,42.7,122.5,60.1,2480,62,2.5,0,1.0,0.942,0.975,0.919,205.6,14,14,14,6,6,8
2025-03-22,Saturday,Afternoon,Line B,185.5,500.3,45.7,120.8,72.1,2632,105,3.99,0,1.0,0.929,0.96,0.892,379.6,28,33,21,11,6,6
2025-03-22,Saturday,Afternoon,Line C,188.8,509.9,48.2,115.2,51.2,2211,110,4.98,38,0.921,0.886,0.95,0.775,439.6,34,25,21,18,8,4
2025-03-22,Saturday,Night,Line A,194.1,495.3,46.7,121.2,55.4,2413,229,9.49,4,0.992,0.932,0.905,0.837,867.4,78,60,32,25,20,14
2025-03-22,Saturday,Night,Line B,196.1,497.8,44.6,127.1,50.8,2366,224,9.47,19,0.96,0.978,0.905,0.85,858.0,74,67,38,25,14,6
2025-03-22,Saturday,Night,Line C,177.2,497.5,44.3,138.5,44.7,2122,233,10.98,38,0.921,1.0,0.89,0.82,868.1,72,60,42,27,17,15
2025-03-23,Sunday,Day,Line A,186.8,497.9,44.1,120.7,48.2,2186,54,2.47,2,0.996,0.928,0.975,0.901,193.9,18,15,10,4,5,2
2025-03-23,Sunday,Day,Line B,184.4,500.8,44.7,122.2,69.1,2298,91,3.96,11,0.977,0.94,0.96,0.882,358.5,30,20,17,13,9,2
2025-03-23,Sunday,Day,Line C,183.9,503.0,43.3,116.0,43.6,2444,122,4.99,21,0.956,0.892,0.95,0.811,424.0,41,22,31,10,9,9
2025-03-23,Sunday,Afternoon,Line A,177.1,502.4,46.0,126.8,38.3,2269,124,5.46,6,0.988,0.975,0.945,0.91,449.6,50,27,17,9,8,13
2025-03-23,Sunday,Afternoon,Line B,180.4,497.7,46.0,110.9,60.1,2456,61,2.48,9,0.981,0.853,0.975,0.817,228.9,19,14,9,8,4,7
2025-03-23,Sunday,Afternoon,Line C,186.8,498.9,45.5,117.3,60.3,2090,104,4.98,31,0.935,0.902,0.95,0.802,395.3,40,18,24,12,5,5
2025-03-23,Sunday,Night,Line A,193.9,498.0,51.0,124.1,47.7,2461,233,9.47,11,0.977,0.955,0.905,0.844,877.5,71,73,42,26,12,9
2025-03-23,Sunday,Night,Line B,183.6,505.0,41.9,116.9,67.2,2311,161,6.97,5,0.99,0.899,0.93,0.828,620.8,52,33,30,23,12,11
2025-03-23,Sunday,Night,Line C,189.8,506.1,49.8,126.0,39.5,2368,189,7.98,23,0.952,0.969,0.92,0.849,700.4,46,59,33,24,16,11
2025-03-24,Monday,Day,Line A,184.5,497.1,41.6,116.3,53.4,2533,88,3.47,32,0.933,0.895,0.965,0.806,317.7,31,20,17,8,4,8
2025-03-24,Monday,Day,Line B,183.0,499.2,42.2,119.4,56.4,2409,84,3.49,22,0.954,0.919,0.965,0.846,309.4,26,24,14,9,4,7
2025-03-24,Monday,Day,Line C,186.6,485.4,44.4,102.2,65.2,2387,179,7.5,22,0.954,0.786,0.925,0.694,724.9,48,44,33,33,15,6
2025-03-24,Monday,Afternoon,Line A,184.5,499.7,42.0,125.8,54.2,2407,84,3.49,35,0.927,0.967,0.965,0.866,336.1,22,24,13,14,9,2
2025-03-24,Monday,Afternoon,Line B,186.0,496.4,43.1,125.7,57.9,2632,92,3.5,3,0.994,0.967,0.965,0.927,331.9,28,23,17,9,9,6
2025-03-24,Monday,Afternoon,Line C,184.6,512.8,44.7,123.6,66.0,2319,173,7.46,55,0.885,0.951,0.925,0.779,661.7,52,40,33,24,15,9
2025-03-24,Monday,Night,Line A,177.4,496.3,45.5,117.5,52.3,2604,247,9.49,39,0.919,0.904,0.905,0.752,926.9,86,58,46,27,15,15
2025-03-24,Monday,Night,Line B,191.4,499.0,45.1,124.6,67.9,2545,203,7.98,26,0.946,0.958,0.92,0.834,780.7,74,53,27,23,11,15
2025-03-24,Monday,Night,Line C,188.4,493.5,47.6,131.9,64.8,2802,252,8.99,32,0.933,1.0,0.91,0.849,1015.6,72,70,34,41,28,7
2025-03-25,Tuesday,Day,Line A,182.9,502.8,43.3,119.4,62.5,2257,56,2.48,9,0.981,0.919,0.975,0.879,197.2,14,16,14,6,2,4
2025-03-25,Tuesday,Day,Line B,183.8,500.9,46.1,127.0,64.5,2291,57,2.49,10,0.979,0.977,0.975,0.933,229.4,21,14,9,8,3,2
2025-03-25,Tuesday,Day,Line C,187.8,496.9,45.1,137.3,52.4,2316,115,4.97,34,0.929,1.0,0.95,0.883,413.9,29,21,30,15,14,6
2025-03-25,Tuesday,Afternoon,Line A,184.0,499.4,45.7,119.1,54.5,2058,51,2.48,15,0.969,0.916,0.975,0.866,177.6,11,9,9,7,7,8
2025-03-25,Tuesday,Afternoon,Line B,179.7,499.4,46.4,119.3,57.0,2496,62,2.48,0,1.0,0.918,0.975,0.895,243.2,24,12,10,8,4,4
2025-03-25,Tuesday,Afternoon,Line C,183.2,513.3,44.0,114.1,52.7,2175,108,4.97,17,0.965,0.878,0.95,0.805,375.4,28,27,22,10,14,7
2025-03-25,Tuesday,Night,Line A,186.5,502.7,38.5,115.4,64.7,2506,137,5.47,4,0.992,0.888,0.945,0.832,510.5,51,33,20,12,14,7
2025-03-25,Tuesday,Night,Line B,178.8,502.0,55.3,117.2,51.3,2403,132,5.49,0,1.0,0.902,0.945,0.852,476.8,39,28,29,15,11,10
2025-03-25,Tuesday,Night,Line C,188.2,486.6,41.2,105.4,61.3,2386,190,7.96,48,0.9,0.811,0.92,0.672,745.6,59,45,33,30,7,16
2025-03-26,Wednesday,Day,Line A,180.8,497.6,48.4,117.8,44.5,2443,61,2.5,7,0.985,0.906,0.975,0.871,250.8,17,14,9,12,5,4
2025-03-26,Wednesday,Day,Line B,189.4,505.5,42.4,118.1,50.5,2474,61,2.47,29,0.94,0.909,0.975,0.833,226.3,15,18,9,8,6,5
2025-03-26,Wednesday,Day,Line C,183.3,512.0,47.6,108.0,63.3,2269,113,4.98,16,0.967,0.831,0.95,0.763,392.4,34,32,16,7,18,6
2025-03-26,Wednesday,Afternoon,Line A,183.8,499.1,47.3,120.5,48.3,2540,63,2.48,31,0.935,0.927,0.975,0.846,235.7,19,16,14,8,2,4
2025-03-26,Wednesday,Afternoon,Line B,185.2,500.5,43.1,117.9,42.5,2131,53,2.49,19,0.96,0.907,0.975,0.849,181.7,12,8,8,6,13,6
2025-03-26,Wednesday,Afternoon,Line C,182.0,494.3,45.3,107.2,58.4,2569,128,4.98,21,0.956,0.825,0.95,0.75,492.0,42,31,18,16,14,7
2025-03-26,Wednesday,Night,Line A,176.3,501.0,42.4,117.6,49.9,2944,250,8.49,18,0.963,0.904,0.915,0.797,910.6,75,59,50,28,19,19
2025-03-26,Wednesday,Night,Line B,185.2,500.1,40.8,120.4,66.2,2488,174,6.99,18,0.963,0.926,0.93,0.829,618.9,56,37,40,17,9,15
2025-03-26,Wednesday,Night,Line C,183.0,502.6,47.2,107.9,56.3,1967,157,7.98,39,0.919,0.83,0.92,0.702,594.9,57,36,27,18,6,13
2025-03-27,Thursday,Day,Line A,180.9,497.0,47.2,122.1,70.3,2192,87,3.97,6,0.988,0.94,0.96,0.891,335.9,32,19,12,9,15,0
2025-03-27,Thursday,Day,Line B,185.8,497.6,42.9,109.7,64.8,2320,58,2.5,13,0.973,0.844,0.975,0.8,211.7,14,15,11,7,9,2
2025-03-27,Thursday,Day,Line C,186.3,505.2,48.4,111.7,61.2,2541,127,5.0,41,0.915,0.859,0.95,0.747,454.5,32,41,30,14,1,9
2025-03-27,Thursday,Afternoon,Line A,183.8,498.4,46.3,123.6,51.9,2082,52,2.5,9,0.981,0.951,0.975,0.909,192.5,18,12,6,5,7,4
2025-03-27,Thursday,Afternoon,Line B,186.3,498.3,43.3,119.1,47.9,2393,59,2.47,0,1.0,0.916,0.975,0.894,226.5,15,13,16,10,2,3
2025-03-27,Thursday,Afternoon,Line C,181.4,513.9,45.8,121.3,53.0,2458,122,4.96,37,0.923,0.933,0.95,0.818,488.2,44,28,20,17,10,3
2025-03-27,Thursday,Night,Line A,190.2,497.5,43.7,116.8,67.3,2116,148,6.99,26,0.946,0.899,0.93,0.79,554.9,42,32,32,20,15,7
2025-03-27,Thursday,Night,Line B,174.6,497.6,42.5,118.1,60.9,2365,201,8.5,16,0.967,0.908,0.915,0.803,720.1,62,47,37,20,17,18
2025-03-27,Thursday,Night,Line C,193.6,485.1,41.9,118.9,58.3,2715,325,11.97,40,0.917,0.914,0.88,0.738,1252.4,112,83,42,39,28,21
2025-03-28,Friday,Day,Line A,181.9,503.0,44.2,128.6,52.2,2357,58,2.46,3,0.994,0.989,0.975,0.959,226.9,26,14,5,5,5,3
2025-03-28,Friday,Day,Line B,188.1,502.2,45.1,128.3,52.9,2664,66,2.48,17,0.965,0.987,0.975,0.929,239.8,17,18,17,8,3,3
2025-03-28,Friday,Day,Line C,185.8,485.2,43.4,115.1,39.2,2178,108,4.96,32,0.933,0.886,0.95,0.786,409.3,32,30,19,13,11,3
2025-03-28,Friday,Afternoon,Line A,187.2,495.7,49.0,125.9,41.3,2474,61,2.47,13,0.973,0.968,0.975,0.919,225.1,17,12,16,8,6,2
2025-03-28,Friday,Afternoon,Line B,184.6,502.4,47.5,112.4,50.2,2564,64,2.5,7,0.985,0.864,0.975,0.831,236.5,23,13,11,6,8,3
2025-03-28,Friday,Afternoon,Line C,181.2,507.3,44.9,110.3,59.7,2522,126,5.0,33,0.931,0.848,0.95,0.751,507.8,45,28,23,19,7,4
2025-03-28,Friday,Night,Line A,187.0,506.8,41.7,115.3,47.4,2644,145,5.48,4,0.992,0.887,0.945,0.831,562.9,44,27,30,22,17,5
2025-03-28,Friday,Night,Line B,182.3,495.3,39.9,119.8,62.5,2736,150,5.48,0,1.0,0.922,0.945,0.871,575.4,54,33,22,18,12,11
2025-03-28,Friday,Night,Line C,186.6,509.2,37.9,124.9,59.6,1988,159,8.0,42,0.912,0.961,0.92,0.807,609.5,50,31,29,22,19,8
2025-03-29,Saturday,Day,Line A,186.4,499.0,40.6,126.3,56.5,2324,58,2.5,0,1.0,0.972,0.975,0.948,215.6,20,14,10,6,4,4
2025-03-29,Saturday,Day,Line B,187.0,504.1,44.6,117.5,48.4,2166,54,2.49,23,0.952,0.904,0.975,0.839,188.1,20,9,12,3,9,1
2025-03-29,Saturday,Day,Line C,185.7,507.1,42.5,111.8,56.5,2880,144,5.0,14,0.971,0.86,0.95,0.793,550.0,45,36,22,19,11,11
2025-03-29,Saturday,Afternoon,Line A,184.5,500.3,43.3,123.7,43.3,2372,59,2.49,0,1.0,0.951,0.975,0.928,211.6,26,14,11,3,0,5
2025-03-29,Saturday,Afternoon,Line B,187.8,502.0,45.4,127.6,58.4,2660,66,2.48,26,0.946,0.981,0.975,0.905,253.7,19,17,12,10,2,6
2025-03-29,Saturday,Afternoon,Line C,183.0,501.5,44.5,115.1,54.1,2657,132,4.97,19,0.96,0.886,0.95,0.808,480.2,37,28,30,16,13,8
2025-03-29,Saturday,Night,Line A,188.8,504.5,40.4,127.9,57.3,2398,131,5.46,11,0.977,0.984,0.945,0.909,482.0,43,31,26,13,13,5
2025-03-29,Saturday,Night,Line B,183.7,500.5,44.9,111.6,53.3,2395,131,5.47,21,0.956,0.859,0.945,0.776,457.6,41,34,29,10,9,8
2025-03-29,Saturday,Night,Line C,194.3,507.9,38.9,107.1,46.6,2535,304,11.99,41,0.915,0.824,0.88,0.663,1153.5,105,59,56,37,30,17
2025-03-30,Sunday,Day,Line A,186.6,501.4,42.5,119.4,57.8,2692,67,2.49,12,0.975,0.918,0.975,0.873,243.3,17,19,11,8,6,6
2025-03-30,Sunday,Day,Line B,188.4,499.6,45.8,117.5,62.4,2481,62,2.5,6,0.988,0.904,0.975,0.87,220.4,17,14,13,7,5,6
2025-03-30,Sunday,Day,Line C,186.6,512.2,44.6,134.1,43.5,2426,121,4.99,29,0.94,1.0,0.95,0.893,412.4,35,34,25,8,11,8
2025-03-30,Sunday,Afternoon,Line A,181.5,497.4,45.4,121.6,56.2,2339,58,2.48,0,1.0,0.936,0.975,0.912,225.3,19,18,7,7,4,3
2025-03-30,Sunday,Afternoon,Line B,183.2,502.0,43.5,122.8,54.5,2572,64,2.49,0,1.0,0.945,0.975,0.921,251.3,26,15,12,7,3,1
2025-03-30,Sunday,Afternoon,Line C,180.6,502.6,41.9,122.4,56.5,2735,136,4.97,32,0.933,0.942,0.95,0.835,531.8,49,30,30,18,5,4
2025-03-30,Sunday,Night,Line A,187.1,504.3,46.7,120.8,54.6,2170,119,5.48,9,0.981,0.93,0.945,0.862,459.2,46,27,17,14,4,11
2025-03-30,Sunday,Night,Line B,175.5,501.2,44.9,123.1,46.9,2292,194,8.46,19,0.96,0.947,0.915,0.832,802.7,58,52,30,36,9,9
2025-03-30,Sunday,Night,Line C,182.8,495.4,49.1,114.9,50.7,1902,152,7.99,24,0.95,0.884,0.92,0.773,573.4,53,41,21,15,15,7
2025-03-31,Monday,Day,Line A,190.4,503.2,47.0,125.8,47.0,2155,75,3.48,16,0.967,0.968,0.965,0.903,287.3,26,16,11,9,9,4
2025-03-31,Monday,Day,Line B,185.2,499.6,44.0,113.5,59.7,2513,87,3.46,31,0.935,0.873,0.965,0.788,303.0,24,21,14,9,6,13
2025-03-31,Monday,Day,Line C,187.4,503.8,46.1,107.1,55.9,2394,143,5.97,23,0.952,0.824,0.94,0.738,544.3,42,35,23,20,11,12
2025-03-31,Monday,Afternoon,Line A,184.9,500.8,43.8,120.7,58.4,2598,90,3.46,9,0.981,0.928,0.965,0.879,311.4,28,14,20,7,18,3
2025-03-31,Monday,Afternoon,Line B,186.4,496.7,44.7,118.3,57.0,2176,76,3.49,25,0.948,0.91,0.965,0.833,278.1,26,20,10,6,11,3
2025-03-31,Monday,Afternoon,Line C,182.2,493.4,45.4,109.8,63.8,2676,160,5.98,52,0.892,0.845,0.94,0.708,618.3,39,43,32,26,12,8
2025-03-31,Monday,Night,Line A,185.7,498.0,44.7,120.2,56.9,2206,143,6.48,9,0.981,0.925,0.935,0.849,540.4,53,29,30,16,7,8
2025-03-31,Monday,Night,Line B,188.9,497.8,45.3,120.6,57.5,2571,167,6.5,9,0.981,0.928,0.935,0.851,625.1,57,40,31,18,12,9
2025-03-31,Monday,Night,Line C,170.1,483.7,50.3,115.1,72.6,2193,296,13.5,42,0.912,0.885,0.865,0.699,1096.3,80,58,63,42,29,24
2025-04-01,Tuesday,Day,Line A,186.6,501.3,42.9,116.1,60.5,2353,58,2.46,29,0.94,0.893,0.975,0.818,201.8,19,16,9,3,9,2
2025-04-01,Tuesday,Day,Line B,185.8,502.1,43.2,118.2,65.2,2284,91,3.98,26,0.946,0.909,0.96,0.826,320.0,31,24,22,6,5,3
2025-04-01,Tuesday,Day,Line C,183.2,496.0,46.1,122.9,45.5,2321,116,5.0,49,0.898,0.946,0.95,0.807,463.1,39,25,19,17,14,2
2025-04-01,Tuesday,Afternoon,Line A,185.5,502.0,42.0,126.0,65.4,2000,80,4.0,4,0.992,0.969,0.96,0.922,295.4,30,20,11,6,10,3
2025-04-01,Tuesday,Afternoon,Line B,185.4,497.4,44.7,118.0,48.4,2602,65,2.5,0,1.0,0.907,0.975,0.885,258.4,23,17,9,9,3,4
2025-04-01,Tuesday,Afternoon,Line C,183.1,506.6,45.1,107.1,58.7,2257,112,4.96,52,0.892,0.824,0.95,0.698,428.5,33,34,15,14,10,6
2025-04-01,Tuesday,Night,Line A,189.9,502.8,47.3,117.3,39.2,2300,126,5.48,13,0.973,0.902,0.945,0.83,458.0,42,31,22,11,14,6
2025-04-01,Tuesday,Night,Line B,183.7,499.2,45.6,115.9,56.0,2490,136,5.46,14,0.971,0.891,0.945,0.818,489.4,41,35,26,13,13,8
2025-04-01,Tuesday,Night,Line C,175.6,498.5,48.4,121.9,61.4,2638,290,10.99,44,0.908,0.938,0.89,0.758,1096.5,82,66,62,41,23,16
2025-04-02,Wednesday,Day,Line A,186.1,502.8,44.4,116.7,46.4,2471,61,2.47,1,0.998,0.898,0.975,0.874,227.9,19,16,12,7,4,3
2025-04-02,Wednesday,Day,Line B,184.6,501.1,47.7,115.6,45.6,2481,62,2.5,10,0.979,0.889,0.975,0.849,219.7,19,15,11,6,4,7
2025-04-02,Wednesday,Day,Line C,191.4,505.4,45.6,115.2,50.3,2681,134,5.0,37,0.923,0.886,0.95,0.777,484.4,35,30,26,17,13,13
2025-04-02,Wednesday,Afternoon,Line A,184.7,501.6,49.1,118.9,69.2,2008,80,3.98,4,0.992,0.915,0.96,0.871,319.8,19,23,11,15,5,7
2025-04-02,Wednesday,Afternoon,Line B,182.2,507.5,44.0,123.5,42.1,2344,58,2.47,10,0.979,0.95,0.975,0.907,229.1,9,13,17,13,4,2
2025-04-02,Wednesday,Afternoon,Line C,180.3,500.3,42.7,122.0,60.2,2433,121,4.97,30,0.938,0.938,0.95,0.836,439.0,37,21,25,14,15,9
2025-04-02,Wednesday,Night,Line A,178.3,494.9,41.8,123.1,56.9,2148,118,5.49,7,0.985,0.947,0.945,0.882,424.7,37,29,21,11,12,8
2025-04-02,Wednesday,Night,Line B,186.0,499.7,38.1,120.5,62.9,2353,129,5.48,14,0.971,0.927,0.945,0.85,478.8,37,30,27,16,13,6
2025-04-02,Wednesday,Night,Line C,184.4,480.2,47.3,138.2,55.9,2193,175,7.98,29,0.94,1.0,0.92,0.865,655.6,64,36,32,18,16,9
2025-04-03,Thursday,Day,Line A,185.6,506.4,43.3,118.7,63.6,2396,59,2.46,26,0.946,0.913,0.975,0.842,212.7,23,6,16,5,8,1
2025-04-03,Thursday,Day,Line B,189.7,501.6,46.2,120.7,62.8,1911,47,2.46,11,0.977,0.928,0.975,0.885,195.6,16,7,10,9,4,1
2025-04-03,Thursday,Day,Line C,187.7,499.1,41.2,108.4,62.2,1851,92,4.97,47,0.902,0.834,0.95,0.715,360.5,31,25,14,12,6,4
2025-04-03,Thursday,Afternoon,Line A,181.8,501.4,48.5,115.0,47.1,2236,55,2.46,20,0.958,0.885,0.975,0.827,227.4,16,14,8,10,6,1
2025-04-03,Thursday,Afternoon,Line B,187.9,499.4,42.0,124.2,68.5,2270,90,3.96,7,0.985,0.955,0.96,0.904,389.9,37,23,11,15,4,0
2025-04-03,Thursday,Afternoon,Line C,179.0,506.1,47.8,120.2,42.2,2336,116,4.97,36,0.925,0.925,0.95,0.813,447.8,36,31,17,15,12,5
2025-04-03,Thursday,Night,Line A,183.6,501.8,44.9,119.0,48.6,2406,132,5.49,10,0.979,0.916,0.945,0.847,480.5,41,41,24,11,12,3
2025-04-03,Thursday,Night,Line B,188.0,498.9,43.2,129.8,62.5,2247,123,5.47,17,0.965,0.999,0.945,0.911,461.4,49,30,18,11,5,10
2025-04-03,Thursday,Night,Line C,191.3,501.9,45.5,123.8,54.3,2401,192,8.0,36,0.925,0.952,0.92,0.81,712.8,60,48,37,21,18,8
2025-04-04,Friday,Day,Line A,184.3,492.9,48.1,125.4,58.6,2781,69,2.48,2,0.996,0.965,0.975,0.937,272.0,29,17,9,7,5,2
2025-04-04,Friday,Day,Line B,185.9,500.1,46.6,120.2,50.7,2418,60,2.48,5,0.99,0.924,0.975,0.892,255.6,20,12,7,12,6,3
2025-04-04,Friday,Day,Line C,188.7,509.8,41.7,133.6,71.5,2450,159,6.49,40,0.917,1.0,0.935,0.857,580.7,51,37,36,17,8,10
2025-04-04,Friday,Afternoon,Line A,187.5,501.3,44.9,120.4,54.5,2143,53,2.47,3,0.994,0.926,0.975,0.897,208.3,19,10,4,8,4,8
2025-04-04,Friday,Afternoon,Line B,189.1,498.4,42.7,117.7,39.0,2269,56,2.47,2,0.996,0.906,0.975,0.88,210.1,15,17,11,7,4,2
2025-04-04,Friday,Afternoon,Line C,183.0,495.2,43.2,120.7,70.9,2092,135,6.45,37,0.923,0.928,0.935,0.801,490.9,39,33,19,15,16,13
2025-04-04,Friday,Night,Line A,177.5,497.2,47.9,114.9,59.3,2126,180,8.47,29,0.94,0.884,0.915,0.76,710.7,73,44,21,21,8,13
2025-04-04,Friday,Night,Line B,194.1,502.3,41.4,124.4,45.1,2256,214,9.49,9,0.981,0.957,0.905,0.85,820.7,67,46,39,30,18,14
2025-04-04,Friday,Night,Line C,181.1,499.0,42.5,123.1,44.4,2463,197,8.0,54,0.887,0.947,0.92,0.773,774.3,69,31,33,29,24,11
2025-04-05,Saturday,Day,Line A,185.0,495.9,44.1,122.9,50.0,2359,58,2.46,1,0.998,0.945,0.975,0.92,237.4,19,14,13,10,1,1
2025-04-05,Saturday,Day,Line B,183.7,500.0,44.6,126.4,56.7,2570,64,2.49,12,0.975,0.972,0.975,0.924,261.5,22,18,7,10,3,4
2025-04-05,Saturday,Day,Line C,183.3,496.3,41.1,115.4,62.6,2492,124,4.98,30,0.938,0.887,0.95,0.79,481.7,44,37,20,14,5,4
2025-04-05,Saturday,Afternoon,Line A,181.4,498.2,45.7,126.2,52.9,2610,65,2.49,21,0.956,0.971,0.975,0.905,259.8,22,14,9,10,6,4
2025-04-05,Saturday,Afternoon,Line B,183.9,505.0,42.5,115.1,49.5,2230,55,2.47,23,0.952,0.885,0.975,0.822,203.3,13,14,7,8,6,7
2025-04-05,Saturday,Afternoon,Line C,180.1,504.9,48.3,117.9,56.5,2206,110,4.99,29,0.94,0.907,0.95,0.809,430.7,37,28,18,15,6,6
2025-04-05,Saturday,Night,Line A,186.0,498.2,46.5,112.3,42.2,2252,123,5.46,3,0.994,0.864,0.945,0.812,415.8,39,24,25,8,17,10
2025-04-05,Saturday,Night,Line B,192.8,500.1,40.9,120.9,43.2,2476,235,9.49,23,0.952,0.93,0.905,0.802,863.0,63,69,42,28,15,18
2025-04-05,Saturday,Night,Line C,196.0,505.4,48.7,97.6,70.9,2268,306,13.49,30,0.938,0.751,0.865,0.609,1073.5,92,78,58,26,27,25
